0,0,0,0,0,0,5.4578530000000004e-03,0,0,0,0,0,0,0,0,0,0,0,0,0,0,0,0,0,0,0,0,0,0,0,0,0,0,0,0,0,0,0,0,0,1.3705275900000000e-01,5.2759248000000002e-02,0,0,0,0,0,0,0,0,0,0,0,0,0,0,0,0,0,0,0,0,0,0,0,0,0,0,0,0,0,0,0,0,0,0,0,0,0,0,0,0,0,0,0,0,0,0,0,0,0,0,0,0,0,0,0,0,0,0,0,0,0,4.8514251000000001e-02,0,0,0,0,0,0,0,0,0,0,0,0,0,0,0,3.8204973000000003e-02,0,0,0,0,0,0,0,0,2.1831413000000001e-02,0,0,0,0,0,0,0,0,0,0,0,0,0,0,0,0,4.7301395000000003e-02,0,0,0,6.5494238999999996e-02,0,0,0,0,0,0,0,0,0,0,0,0,0,0,0,0,0,0,0,0,0,6.4887811000000004e-02,0,0,0,0,0,1.2128563000000000e-02,0,0,0,0,0,0,1.8192840000000000e-03,0,0,0,0,0,0,0,0,0,0,0,0,0,0,0,0,0,0,0,0,0,0,0,0,0,4.8514250000000004e-03,0,0,0,0,0,0,0,0,0,0,0,0,0,0,0,0,0,0,0,0,0,0,0,0,0,0,0,0,0,0,0,0,0,0,0,0,0,0,0,0,0,0,0,0,0,0,0,0,0,0,0,0,0,0,0,0,0,0,0,0,0,0,0,0,0,0,0,0,1.7586416000000001e-02,0,0,0,0,0,0,0,0,0,0,0,0,0,0,0,0,0,0,0,0,0,0,0,0,1.0915706000000001e-02,0,0,0,0,0,0,0,6.6707099999999998e-03,0,0,0,0,0,0,0,0,0,0,0,0,0,0,0,0,0,0,0,0,0,0,0,0,1.0915706000000001e-02,0,0,0,0,0,0,0,0,0,0,0,0,0,0,0,0,0,1.9405700000000001e-02,0,0,0,0,0,0,0,0,0,0,0,0,0,0,0,0,2.1224984999999998e-02,0,0,0,0,0,0,0,0,0,0,0,0,0,0,0,0,0,0,0,0,0,0,0,0,6.5494238999999996e-02,0,0,0,0,0,0,0,0,0,0,0,0,0,0,0,0,0,0,0,0,0,1.1522134999999999e-02,0,0,6.6707099999999998e-03,0,0,0,0,0,5.4578530000000004e-03,0,0,0,0,0,0,0,0,0,0,0,3.5779260000000000e-02,0,0,0,0,0,0,0,1.7586416000000001e-02,0,0,0,0,0,0,0,0,0,0,0,0,0,0,0,0,0,0,0,0,0,0,0,0,0,0,0,0,0,0,0,0,0,0,0,0,0,0,1.6373559999999999e-02,0,0,0,0,0,9.0964219999999998e-03,0,0,0,0,0,0,0,0,2.4257129999999999e-03,0,0,0,0,0,2.3044268999999999e-02,0,0,0,0,0,0,0,0,0,0,0,0,0,1.8192840000000000e-03,0,0,0,0,0,0,0,0,0,0,0,0,0,0,0,0,0,0,0,0,0,0,0,0,0,0,0,0,0,0,0,0,0,0,0,0,0,0,0,0,0,0,0,0,0,0,0,0,0,0,0,0,0,0,0,0,0,0,0,0,0,0,0,1.2734990999999999e-02,0,0,0,0,0,0,0,0,0,0,0,0,0,0,0,0,0,0,0,0,0,0,0,0,0,0,0,0,0,0,0,0,0,0,0,0,0,0,0,0,0,1.4554275000000000e-02,0,0,0,0,3.6992115999999998e-02,0,0,0,0,0,0,0,1.1522134999999999e-02,0,0,0,0,0,0,0,2.5469981999999999e-02,0,0,0,0,0,0,0,2.7895693999999999e-02,0,0,0,0,0,0,0,0,0,0,0,0,0,1.8799271999999999e-02,0,0,0,0,0,0,0,0,0,0,0,0,0,0,0,0,0,0,0,0,0,0,0,0,0,0,0,0,0,0,0,3.0321407000000002e-02,0,0,0,0,0,0,0,0,0,0,0,0,1.8799271999999999e-02,0,0,0,0,0,0,0,0,0,0,0,2.0618556999999999e-02,0,0,0,0,0,0,0,0,0,0,0,0,6
0,0,0,0,0,0,6.3200879999999997e-03,0,0,0,0,0,0,0,0,0,0,3.2410700000000002e-04,0,0,0,0,0,0,0,0,0,0,0,0,0,0,0,0,0,6.4800000000000003e-05,0,0,0,0,2.0046023000000000e-02,6.6766059999999999e-03,0,0,0,0,0,0,0,0,0,0,0,0,0,0,0,0,0,0,0,0,0,0,0,0,0,0,0,0,0,0,0,0,0,0,0,0,0,0,0,0,0,0,0,0,0,0,0,0,0,0,0,0,0,0,0,0,0,0,0,0,0,0,0,0,0,0,0,2.6252670000000001e-03,0,0,0,0,0,0,0,0,0,2.1585532000000001e-02,0,0,0,0,0,0,0,0,4.1680171000000002e-02,0,0,0,0,0,0,0,0,0,0,0,0,0,0,0,0,9.2289492000000001e-02,0,0,0,0,0,0,0,8.8724314999999998e-02,0,0,0,0,0,0,0,0,0,0,0,0,0,0,0,6.0283919999999996e-03,0,4.2133900000000001e-04,0,0,0,0,0,1.0744149999999999e-02,0,4.7805800000000004e-03,1.1197900000000000e-02,0,0,0,0,0,0,0,0,0,0,0,2.2687500000000000e-04,0,0,0,0,0,0,0,0,1.9446399999999999e-04,0,0,0,3.0790199999999998e-04,0,0,1.6529460000000000e-03,8.7508900000000001e-04,5.9959800000000001e-04,2.3821870000000000e-03,0,5.8339299999999998e-04,1.2478120000000001e-03,0,0,0,0,0,0,0,0,0,0,0,8.7508900000000001e-04,0,0,0,0,0,0,0,0,0,0,3.4679460000000000e-03,2.3303299000000000e-02,0,0,0,0,0,0,0,6.3200900000000000e-04,0,3.5651800000000000e-04,0,0,0,0,0,1.0533480000000000e-03,0,0,8.1000000000000004e-05,5.5098199999999999e-04,0,0,0,0,0,0,0,0,0,1.7015620000000000e-03,1.1343750000000000e-03,0,0,0,0,0,0,0,0,0,2.8877941000000001e-02,3.0304009999999998e-03,3.2400000000000001e-05,0,0,0,0,0,0,0,0,0,0,0,0,0,0,0,0,0,0,0,0,0,0,2.3497760000000000e-03,0,0,0,9.5611600000000002e-04,0,0,0,1.7825890000000000e-03,0,0,0,0,0,0,0,0,6.6441999999999998e-04,0,0,1.9284370000000001e-03,0,0,0,0,0,7.5192840000000002e-03,0,0,0,0,0,0,2.3740844000000001e-02,0,0,0,0,0,0,0,0,0,0,0,0,0,0,0,0,0,4.3754500000000001e-04,0,0,0,0,0,0,0,3.2653789000000003e-02,0,0,0,0,0,0,0,0,0,0,0,0,0,0,0,0,0,0,0,0,0,0,0,0,0,0,0,0,0,0,0,0,1.9349193000000001e-02,8.9939716000000003e-02,0,0,0,4.0351329999999998e-03,0,0,0,2.5928600000000001e-04,0,0,0,0,0,0,0,0,0,0,0,3.5651800000000000e-04,0,5.6070529999999999e-03,5.2505349999999998e-03,5.8663379999999996e-03,6.4497310000000002e-03,0,0,7.7785699999999996e-04,0,3.7272299999999999e-04,5.3315619999999998e-03,0,0,0,0,0,0,0,0,0,0,0,0,0,0,0,0,5.5098199999999999e-04,0,0,3.8244635999999999e-02,0,0,7.7785699999999996e-04,0,1.7987940000000000e-03,0,0,0,0,0,0,4.8600000000000002e-05,0,0,0,0,0,0,0,0,0,0,0,0,0,0,0,0,0,0,8.1000000000000004e-05,0,0,0,0,0,0,0,8.1026799999999995e-04,0,0,0,0,0,0,0,0,0,1.5719190000000000e-03,0,0,0,0,0,0,0,1.1667860000000000e-03,0,3.4193299999999999e-03,1.4212096000000000e-02,0,0,0,0,0,0,0,0,0,0,0,0,0,5.1857100000000001e-04,1.8474100000000001e-03,0,0,0,0,0,0,0,5.9959800000000001e-04,0,0,0,0,0,0,0,0,0,0,0,0,0,0,0,0,0,0,0,0,0,0,0,0,0,0,0,0,0,0,1.6205399999999999e-04,0,0,0,0,0,0,0,0,0,0,0,0,0,0,2.4145980000000000e-03,0,1.2640180000000000e-03,0,0,0,0,0,5.8339299999999998e-04,0,0,1.0501070000000000e-02,0,3.0790199999999998e-04,0,0,0,0,0,0,2.9655800000000002e-03,9.2370500000000003e-04,6.3200900000000000e-04,1.1343750000000000e-03,0,0,0,0,0,0,0,0,0,0,5.1857100000000001e-04,0,0,0,0,0,0,0,0,0,0,0,0,0,0,0,0,0,0,0,0,1.7534193000000000e-02,4.6185260000000004e-03,4.0108251999999997e-02,0,0,0,0,0,0,0,1.4584799999999999e-04,0,0,0,5.5584370000000003e-03,0,1.1505800000000000e-03,1.6983211000000002e-02,0,0,0,2.0580799999999999e-03,1.8636160000000000e-03,0,3.8892850000000001e-03,1.4033837000000000e-02,3.4355350000000000e-03,0,0,5.1533029999999997e-03,0,0,0,0,0,0,0,3.7272299999999999e-04,0,3.2588967000000003e-02,0,0,0,0,0,7.2924089999999997e-03,0,0,0,0,0,0,0,0,4.0999549999999997e-03,0,0,0,0,0,0,0,0,0,4.3754500000000001e-04,0,0,0,0,0,0,1.9073702000000001e-02,0,0,0,0,5.5746420000000003e-03,3.9054900000000002e-03,0,4.3430350000000003e-03,0,0,1.9122320000000000e-03,1.5346469999999999e-02,1.4925130999999999e-02,0,0,0,3.0628119999999998e-03,1.1667860000000000e-03,0,0,0,0,0,0,5.4061062000000000e-02,0,0,0,3.9541059999999998e-03,2.1990665999999999e-02,0,0,0,0,0,0,0,6
0,0,0,0,0,0,1.6413873999999998e-02,0,0,0,0,0,0,0,0,0,0,0,0,0,0,0,0,0,0,0,0,0,0,0,0,0,0,0,0,0,0,0,0,0,1.8179894199999999e-01,6.1751911000000000e-02,0,0,0,6.1140499999999998e-04,0,0,0,0,0,0,0,0,4.6999999999999997e-05,0,0,0,0,0,0,0,0,0,0,0,0,0,0,0,0,0,0,0,0,0,0,0,0,0,0,0,0,0,0,0,0,0,0,0,0,0,0,0,0,0,0,0,0,0,0,0,0,0,0,0,0,0,0,3.7624900000000000e-04,0,0,0,0,0,0,0,0,0,2.0458550000000001e-03,0,0,0,0,0,0,0,0,1.0558494999999999e-02,0,0,0,0,0,0,0,0,0,0,0,0,0,0,0,0,5.1452087000000001e-02,0,0,0,1.0511464000000000e-02,0,0,0,3.8800710000000001e-03,0,0,0,0,0,0,4.6999999999999997e-05,0,0,0,0,0,0,0,0,1.1992950000000000e-03,0,2.5232215999999998e-02,0,0,0,0,0,1.1992950000000000e-03,0,1.0981774999999999e-02,0,0,0,0,4.7031200000000002e-04,0,0,0,0,0,0,0,0,0,0,0,0,0,0,0,0,0,0,0,0,0,0,0,0,0,0,0,0,0,0,0,0,0,0,0,0,0,0,0,0,0,0,0,0,0,0,0,0,0,0,0,0,0,6.5608469999999999e-03,0,0,0,0,0,0,0,3.7154610000000002e-03,0,0,0,0,0,0,5.5261609999999999e-03,0,0,0,0,2.5867099999999998e-04,0,0,1.3168720000000000e-03,0,0,0,0,0,0,9.1710800000000003e-04,0,0,0,0,0,7.0500000000000006e-05,0,0,0,0,1.3356849000000000e-02,1.2933570000000000e-03,0,0,0,0,0,0,0,0,0,0,0,9.4099999999999997e-05,0,0,0,0,0,0,0,0,0,0,0,2.1164019999999999e-03,0,0,0,1.2698410000000001e-03,0,0,0,8.9359200000000002e-04,0,0,0,0,0,0,0,0,0,0,0,0,0,0,0,0,0,0,0,0,0,0,0,0,1.9517930000000001e-03,0,0,0,0,1.1052320000000000e-03,0,0,0,0,0,0,0,0,0,0,0,0,2.6572599999999998e-03,0,0,0,0,0,0,0,2.9864790000000002e-03,0,0,4.6999999999999997e-05,0,0,0,0,0,8.4068194999999998e-02,0,0,0,0,0,0,0,0,0,0,0,0,0,0,0,0,9.1757790000000006e-02,0,0,0,0,0,0,3.5226337000000003e-02,2.0176366800000001e-01,4.6999999999999997e-05,0,0,0,0,0,0,1.6460900000000000e-04,0,0,0,0,0,0,0,0,0,0,0,0,0,3.6213990000000000e-03,0,2.6102289999999999e-03,2.1634330000000002e-03,0,0,0,0,0,3.9976480000000003e-03,0,0,0,0,0,0,0,0,0,0,0,7.0500000000000006e-05,0,0,0,0,0,0,0,3.2216340000000001e-03,0,0,0,0,3.0570300000000000e-04,0,0,0,0,0,0,0,0,0,0,0,0,0,0,0,0,0,0,0,0,0,0,8.4656100000000001e-04,0,0,5.9964730000000004e-03,0,0,0,0,0,0,0,0,0,0,0,0,0,0,4.7031200000000002e-04,0,0,0,0,0,0,0,0,0,0,3.9976500000000001e-04,0,0,0,1.1146384000000000e-02,0,0,0,0,0,0,0,0,0,0,0,0,2.0223400000000001e-03,6.8195180000000001e-03,0,0,0,0,0,0,0,0,0,0,0,0,0,0,0,0,0,0,0,0,0,0,0,0,0,0,0,0,0,0,0,0,0,0,0,0,0,0,0,0,0,0,0,0,0,0,0,0,0,0,0,0,0,4.0446800000000002e-03,0,2.2574959999999999e-03,0,0,0,9.8765399999999992e-04,0,0,0,0,1.5285130000000000e-03,0,2.8218699999999999e-04,0,0,0,0,0,0,4.9382699999999996e-04,0,0,0,0,0,0,0,0,0,0,0,0,0,4.2328000000000000e-04,0,0,0,0,0,0,0,0,0,0,5.1734299999999997e-04,0,0,0,0,0,0,0,0,0,5.3145210000000000e-03,3.3862430000000002e-03,3.3392119999999998e-03,0,0,0,0,0,0,3.4332750000000000e-03,0,0,0,0,3.3862430000000002e-03,0,0,9.3591999999999998e-03,0,0,0,1.1992950000000000e-03,1.0111700000000000e-03,0,0,2.3139330000000000e-02,0,0,0,1.0582009999999999e-03,0,0,0,0,0,0,0,0,0,8.6772489999999997e-03,0,0,0,0,0,3.5978840000000000e-03,0,0,0,0,0,0,0,0,1.1992950000000000e-03,0,0,7.0546699999999999e-04,0,0,0,0,0,0,1.6460909999999999e-03,0,0,0,0,0,0,4.5385069999999998e-03,0,0,0,0,3.6684299999999999e-03,1.9988240000000002e-03,0,0,0,0,0,4.3033510000000004e-03,4.6325689999999996e-03,0,0,0,4.8912399999999998e-03,1.3874190000000000e-03,0,0,0,0,0,0,5.0088180000000000e-03,0,0,0,1.9753090000000002e-03,5.1734270000000004e-03,0,0,0,0,0,0,0,6
0,0,0,0,0,4.3200000000000000e-05,6.6507360000000000e-03,0,2.8799999999999999e-05,0,0,0,0,0,0,2.7351500000000000e-04,0,6.3340300000000005e-04,0,0,0,0,0,0,0,0,0,0,0,0,0,0,0,0,0,0,0,0,0,0,4.2193303000000001e-02,9.4578639999999999e-03,0,0,0,0,0,0,0,0,0,0,0,0,0,0,0,0,0,0,0,0,0,0,0,0,0,0,0,7.2000000000000002e-05,0,0,0,0,0,0,0,0,0,0,0,0,0,0,0,0,0,0,0,0,0,0,0,0,0,0,0,0,0,0,0,0,0,0,0,0,4.3186599999999999e-04,0,0,7.6152360000000001e-03,0,0,0,0,0,0,0,0,0,2.6185472000000001e-02,0,0,0,0,0,0,0,0,1.6598048000000001e-02,0,0,0,0,0,0,0,0,0,0,0,0,0,0,0,0,5.0168428000000001e-02,0,0,0,3.7615523999999997e-02,0,0,0,0,0,0,0,0,0,0,0,0,0,0,0,0,0,0,0,4.5345919999999996e-03,0,1.4683439999999999e-03,0,0,0,0,0,2.3435925000000000e-02,0,8.6373199999999998e-04,0,0,0,0,2.0153700000000001e-04,0,0,0,0,0,0,0,0,0,0,0,0,0,0,0,0,0,0,0,0,0,0,0,0,0,0,9.2131400000000001e-04,0,0,1.7562550000000000e-03,0,0,0,0,0,0,0,0,0,0,0,0,0,0,0,0,0,0,0,0,0,0,4.5777789999999997e-03,2.5998330000000000e-02,6.7802950000000004e-03,0,0,0,0,0,0,4.3330549999999997e-03,0,0,2.0153700000000001e-04,0,0,0,6.4779900000000001e-04,1.8714200000000000e-04,1.4399999999999999e-05,0,0,4.7505300000000002e-04,0,0,2.7783380000000000e-03,0,0,0,0,0,0,9.3570999999999997e-04,5.4703000000000000e-04,0,0,0,0,0,0,0,0,0,1.6194973000000001e-02,1.3675759999999999e-03,0,0,0,0,0,0,0,0,0,0,0,0,0,0,0,0,0,0,0,0,0,0,0,5.6286530000000000e-03,0,0,0,0,0,0,0,5.1679960000000002e-03,0,0,0,3.1670199999999998e-04,0,0,0,0,9.9329200000000000e-04,0,0,1.7274640000000000e-03,0,0,0,0,0,1.2236199999999999e-03,0,0,0,0,0,0,6.1929577000000000e-02,0,0,0,0,2.1449339999999998e-03,0,0,0,0,0,0,0,0,0,0,0,0,1.1574007000000001e-02,0,0,0,0,0,0,0,8.9972070000000001e-03,0,0,0,0,0,0,0,0,0,0,0,0,0,0,0,0,0,0,0,0,0,0,0,0,0,0,0,0,0,0,0,0,9.7745660000000002e-03,4.1646272999999998e-02,0,0,0,2.2313070000000001e-03,0,1.8714200000000000e-04,0,9.5010500000000003e-04,0,0,0,0,0,0,0,0,0,0,0,1.4395500000000000e-04,0,2.3320760000000002e-03,3.0662480000000002e-03,2.6199869999999998e-03,2.8791060000000002e-03,0,0,3.4549299999999999e-04,0,4.8944799999999997e-04,2.6718107000000001e-02,0,0,0,0,0,0,0,0,0,0,0,4.0163530000000003e-03,0,0,0,0,0,0,0,1.7965623000000000e-02,0,0,8.3494099999999996e-04,0,2.8215240000000002e-03,0,0,0,0,0,0,0,0,0,0,0,0,0,0,0,0,0,1.3099930000000000e-03,1.1372470000000001e-03,0,0,0,1.1948289999999999e-03,0,0,3.0129848000000001e-02,0,0,0,0,0,0,0,1.9002100000000001e-03,0,0,0,0,0,0,0,0,0,1.1372470000000001e-03,0,0,0,0,0,0,0,3.1670199999999998e-04,0,6.8234819999999996e-03,2.3853395999999999e-02,0,0,0,0,0,0,0,0,0,0,0,0,0,1.5979040000000000e-03,1.7850460000000000e-03,0,0,0,0,2.3032900000000001e-04,0,0,2.2600979999999999e-03,0,0,0,0,0,0,2.8799999999999999e-05,0,0,0,0,0,0,0,0,0,0,0,0,0,0,0,0,0,0,0,0,4.3200000000000000e-05,0,0,0,0,0,0,0,0,0,0,4.3200000000000000e-05,0,0,0,0,0,0,3.3973450000000000e-03,0,1.7706499999999999e-03,0,0,0,0,0,0,0,0,3.3599170999999997e-02,0,7.6296299999999997e-04,0,0,0,0,0,0,5.2255779999999998e-03,1.2092250000000000e-03,1.5835080000000000e-03,0,0,0,0,0,0,0,0,0,0,0,9.0691800000000005e-04,0,0,0,0,0,0,0,0,7.2000000000000002e-05,0,5.8445859999999997e-03,0,7.3417199999999995e-04,0,0,0,1.6266950000000001e-03,4.7505300000000002e-04,0,3.3109699999999998e-04,6.3196379999999998e-03,1.4582674000000000e-02,1.2380156999999999e-02,0,0,0,0,0,0,0,4.3186589999999999e-03,0,1.1948289999999999e-03,0,5.3551379999999997e-03,0,0,3.7442778000000003e-02,0,0,0,9.2131400000000001e-04,1.4251579999999999e-03,0,7.4856800000000002e-04,1.7576944000000001e-02,0,0,0,5.1536000000000004e-03,0,0,0,0,0,0,0,0,0,4.6612730999999998e-02,0,0,0,0,0,6.6219449999999997e-03,0,0,0,0,0,0,0,0,1.1876314000000001e-02,0,0,1.1516429999999999e-03,0,0,0,7.3705120000000001e-03,0,0,2.1593300000000001e-03,0,0,0,0,0,0,3.6420695000000003e-02,0,5.6862350000000004e-03,0,0,1.6295741999999998e-02,8.8388560000000008e-03,0,0,0,0,0,1.2336971000000000e-02,1.6007831000000000e-02,0,0,6.7659000000000003e-04,1.9966602000000000e-02,5.6574440000000002e-03,0,0,0,0,0,0,4.1343967000000002e-02,0,0,0,4.1027269999999996e-03,3.2102039999999999e-03,0,0,0,0,0,0,0,6
0,0,0,0,0,0,4.0951854000000003e-02,0,0,0,0,0,0,0,0,1.2030499999999999e-04,0,0,0,0,0,0,0,0,0,0,0,0,0,0,0,0,0,0,0,0,0,0,0,0,1.8649695599999999e-01,8.5248189000000002e-02,0,0,3.7535189999999999e-03,2.8151389999999999e-03,0,0,0,0,0,0,0,0,0,0,0,0,0,0,0,0,0,0,0,0,0,0,0,0,0,0,0,0,0,0,0,0,0,0,0,0,0,0,0,0,0,0,0,0,0,0,0,0,0,0,0,0,0,0,0,0,0,3.8016410000000001e-03,0,0,0,0,0,0,0,0,0,0,0,0,0,0,0,1.1789900000000000e-03,0,0,0,0,0,4.8099999999999997e-05,0,0,2.0066890000000000e-02,0,0,0,0,0,0,0,0,0,0,0,0,0,0,0,0,6.5205361000000003e-02,0,6.2558600000000002e-04,0,1.7732971000000000e-02,0,0,0,2.0933089999999998e-03,0,0,0,0,0,0,0,0,0,0,0,0,0,0,0,8.6138450000000002e-03,0,5.7746399999999997e-04,0,0,0,0,0,5.2212409999999997e-03,0,1.4436609999999999e-03,1.3233559999999999e-03,0,0,0,3.8497599999999998e-04,0,0,0,0,0,0,0,0,0,3.3685429999999999e-03,0,0,0,0,0,0,0,0,3.4888480000000001e-03,2.5504680000000002e-03,0,0,0,0,0,0,1.4196000000000000e-03,0,0,0,0,0,0,0,0,0,0,0,0,0,1.8045760000000000e-03,0,0,0,0,0,0,0,0,0,0,0,0,6.3761699999999996e-03,0,0,0,0,0,0,0,9.1431900000000003e-04,0,4.3309799999999998e-04,0,0,0,0,1.6361489999999999e-03,0,0,0,0,3.3685399999999998e-04,0,0,1.7805150000000001e-03,0,0,0,0,0,0,1.1308679999999999e-03,0,0,0,0,0,0,0,0,0,0,9.2803348999999993e-02,7.6514039999999997e-03,0,0,0,0,0,0,0,0,0,0,0,0,0,0,0,0,0,0,0,0,0,0,0,4.8362650000000002e-03,0,0,8.6619699999999997e-04,2.4061019999999998e-03,0,0,0,3.6813359999999999e-03,0,0,0,1.4436599999999999e-04,0,0,0,6.4964799999999996e-04,0,0,0,0,0,0,0,0,0,0,0,0,0,1.4436599999999999e-04,0,0,7.0258170000000002e-03,0,0,0,0,5.7746399999999997e-04,0,0,0,0,0,0,0,0,0,0,0,0,4.0181899999999996e-03,0,0,0,0,0,0,0,0,0,0,0,0,0,0,0,0,0,0,0,0,0,0,0,0,0,0,0,0,0,0,1.6842699999999999e-04,0,0,4.8531075000000000e-02,0,0,0,0,0,0,9.3356749999999999e-03,5.6519332999999998e-02,0,0,0,3.1279300000000001e-04,0,0,0,0,0,0,0,0,0,0,0,0,0,0,0,0,0,5.8227670000000004e-03,0,2.6948340000000001e-03,3.2963599999999999e-03,0,0,0,0,0,1.0418421000000001e-02,0,0,0,0,0,0,0,0,0,0,0,3.4407259999999999e-03,0,0,0,0,0,0,0,3.8882606000000000e-02,0,0,0,0,0,0,0,0,0,0,0,0,0,0,0,0,0,0,0,0,0,0,0,0,0,0,0,1.4436599999999999e-04,0,0,6.7370899999999998e-04,0,0,0,0,0,0,0,1.0586850000000000e-03,0,0,0,0,0,0,0,0,0,5.5340299999999995e-04,0,0,0,0,0,0,0,1.9248810000000000e-03,0,1.3353864999999999e-02,4.5018165999999998e-02,0,0,0,0,0,0,0,0,0,0,0,1.7805150000000001e-03,0,4.2828609999999998e-03,2.5023459999999999e-03,0,0,0,0,0,0,0,0,0,0,0,0,0,0,0,0,0,0,0,0,0,0,0,0,0,0,0,0,0,0,0,0,0,0,0,0,0,0,0,0,0,0,0,0,0,0,0,0,0,0,0,0,0,2.0692480000000001e-03,0,3.8497599999999998e-04,0,0,0,7.4589199999999995e-04,0,0,2.8392000000000001e-03,0,1.5158439999999999e-03,0,1.9248799999999999e-04,0,0,0,4.0903700000000001e-04,0,0,0,0,0,0,0,0,0,0,0,0,0,0,0,0,2.2376750000000002e-03,0,8.9025800000000000e-04,0,0,0,0,0,0,0,0,1.3883207999999999e-02,0,0,0,0,0,0,0,0,3.3685399999999998e-04,5.4137289999999999e-03,3.0798100000000001e-03,2.8151389999999999e-03,0,0,0,0,0,0,4.1866170000000001e-03,0,0,0,0,5.8949500000000004e-03,0,0,4.1625560000000004e-03,0,0,0,2.2136140000000000e-03,6.2558600000000002e-04,0,3.3685399999999998e-04,1.9104448999999999e-02,0,0,0,0,0,0,0,0,0,0,0,3.1279300000000001e-04,0,9.3837969999999993e-03,0,0,0,0,0,5.3415460000000000e-03,0,0,0,0,0,0,2.1173695999999999e-02,4.8603259999999999e-03,0,0,0,2.0451870000000000e-03,0,0,0,0,0,0,8.2529290000000009e-03,0,0,0,0,0,0,2.1895529999999999e-03,0,0,0,0,5.5340299999999995e-04,0,0,1.2367364000000000e-02,3.5850919999999998e-03,0,0,0,6.7370899999999998e-04,0,0,4.3309799999999998e-04,1.2511730000000000e-03,0,0,0,0,0,0,0,2.0692480000000001e-03,0,1.2271120000000000e-03,0,0,2.4782850000000002e-03,0,0,0,0,0,0,0,6
0,0,0,0,0,0,1.2311816900000000e-01,0,0,0,0,0,0,0,0,0,0,0,0,0,0,0,0,0,0,0,0,0,0,0,0,0,0,0,0,0,0,0,0,0,9.0740359000000007e-02,3.3821405999999998e-02,0,0,0,0,0,0,0,0,0,0,0,0,0,0,0,0,0,0,0,0,0,0,0,0,0,0,0,0,0,0,0,0,0,0,0,0,0,0,0,0,0,0,0,0,0,0,0,0,0,0,0,0,0,0,0,0,0,0,0,0,0,1.0930089000000000e-02,0,0,0,0,0,0,0,0,0,0,0,0,0,0,0,0,0,0,0,0,0,0,0,0,3.3615178000000003e-02,0,0,0,0,0,0,0,0,0,0,0,0,0,0,0,0,4.3926582999999998e-02,0,0,0,2.5159826999999999e-02,0,0,0,1.0311404000000000e-02,0,0,0,0,0,0,0,0,0,0,0,0,0,0,0,9.0740360000000006e-03,0,0,0,0,0,0,0,3.0109301000000002e-02,0,0,0,0,0,0,0,0,0,0,0,0,0,0,0,0,0,0,0,0,0,0,0,0,0,0,0,1.0311400000000001e-03,0,0,0,0,0,0,0,0,2.4747369999999999e-03,0,0,0,0,0,0,0,0,0,0,0,0,0,0,0,0,0,0,0,0,0,0,0,1.2786141000000001e-02,0,0,0,0,0,0,0,0,0,0,0,0,0,0,4.1245600000000001e-04,0,0,0,0,0,0,0,0,0,0,0,0,0,0,0,0,2.8871930000000001e-03,0,0,0,0,0,0,0,0,1.1136317000000000e-02,0,0,0,0,0,0,0,0,0,0,0,0,0,0,0,0,0,0,0,0,0,0,0,0,0,0,0,0,7.0117549999999997e-03,0,0,0,3.0934209999999998e-03,0,0,0,0,0,0,0,0,0,0,0,0,0,0,0,0,0,0,0,0,0,3.7121060000000002e-03,0,0,3.0109301000000002e-02,0,0,0,0,4.1245620000000000e-03,0,0,0,0,0,0,0,0,2.2685090000000002e-03,0,0,0,8.0428949999999996e-03,0,0,0,0,0,0,0,0,0,0,0,0,0,0,0,0,0,0,0,0,0,0,0,0,0,0,0,0,0,0,1.0311400000000001e-03,0,0,0,0,0,0,0,0,0,1.0105176000000000e-02,4.7226232000000000e-02,0,0,0,2.0622810000000000e-03,0,0,0,0,0,0,0,0,0,0,0,0,0,0,0,0,0,1.2373685000000001e-02,0,8.4553519999999993e-03,7.4242110000000000e-03,0,0,0,0,0,7.0117549999999997e-03,0,0,0,0,0,0,0,0,0,0,0,2.6603423000000001e-02,0,0,0,0,1.2373690000000001e-03,0,0,3.6296144000000002e-02,0,0,1.0311400000000001e-03,0,0,0,0,0,0,0,0,0,0,1.0311400000000001e-03,0,0,0,0,0,0,1.8560530000000001e-03,0,0,0,0,0,0,0,0,0,0,0,0,0,0,0,0,0,4.7432459999999996e-03,0,0,0,0,0,0,0,0,0,0,0,0,0,0,0,0,0,0,0,1.2992370000000000e-02,6.5580531999999997e-02,0,0,0,0,0,0,0,0,0,0,0,0,0,1.6498249999999999e-03,0,0,0,0,0,0,0,1.2373690000000001e-03,0,0,0,0,0,0,0,0,0,0,0,0,0,0,0,0,0,0,0,0,0,0,0,0,0,0,0,0,0,0,0,0,0,0,0,0,0,0,0,0,0,0,0,0,0,0,0,0,0,0,0,0,0,0,0,0,0,3.9183339999999999e-03,0,0,0,0,0,1.0311400000000001e-03,0,0,5.3619300000000000e-03,0,0,0,0,0,0,0,0,0,0,0,0,0,2.2685090000000002e-03,0,0,0,0,0,0,0,0,0,0,5.9806149999999999e-03,0,0,0,0,0,0,0,0,0,6.8055269999999996e-03,3.8358424000000002e-02,1.4023509999999999e-02,0,0,0,0,0,0,8.2491240000000000e-03,0,0,0,0,7.8366670000000003e-03,0,0,1.3817282000000000e-02,0,0,0,3.9183339999999999e-03,0,0,2.6809650000000000e-03,9.2802639999999999e-03,0,0,0,0,0,0,0,0,0,0,0,0,0,1.7941843999999998e-02,0,0,0,0,0,5.1557019999999999e-03,0,0,0,0,0,0,0,0,8.4553519999999993e-03,0,0,0,0,0,0,5.7743860000000003e-03,0,0,0,0,0,0,4.1245620000000000e-03,4.5370180000000003e-03,0,0,0,0,0,0,7.4242110000000000e-03,0,0,0,0,0,0,1.3611053999999999e-02,2.3303773999999999e-02,0,0,0,3.7121060000000002e-03,0,0,0,0,0,0,0,2.6190966999999999e-02,0,0,0,0,0,6.3930710000000002e-03,0,0,0,0,0,0,6
0,0,0,0,0,0,8.7822575000000000e-02,0,0,0,0,0,0,0,0,0,0,0,0,4.7915700000000002e-04,0,0,0,0,0,0,0,0,0,0,0,0,0,0,0,0,0,0,0,0,1.3628585100000001e-01,4.9216237000000003e-02,0,0,3.9017040000000002e-03,3.1487440000000002e-03,0,0,0,0,0,0,0,0,0,0,0,0,0,0,0,0,0,0,0,0,0,0,0,0,0,0,0,0,0,0,0,0,0,0,0,0,0,0,0,0,0,0,0,0,0,0,0,0,0,0,0,0,0,0,0,0,0,1.0199191999999999e-02,0,0,0,0,0,0,0,0,0,0,1.3690200000000000e-04,0,0,0,0,0,0,0,0,0,0,0,0,0,2.8954753999999999e-02,1.3690200000000000e-04,0,0,0,0,0,0,0,0,0,0,0,0,0,0,0,5.1201313999999998e-02,0,1.6428230000000001e-03,0,2.6969676000000001e-02,0,0,0,9.0355260000000003e-03,0,0,0,0,0,0,0,0,0,0,0,0,0,0,0,7.3242519999999998e-03,0,0,0,0,0,0,0,3.0597577000000001e-02,0,0,0,0,0,0,0,0,0,0,0,0,0,0,0,0,0,0,0,0,0,0,0,0,0,0,0,0,0,3.4225500000000002e-04,0,0,0,0,0,0,2.5326849999999998e-03,0,0,0,0,0,0,0,0,0,0,1.4374699999999999e-03,0,0,0,0,0,0,0,0,0,0,0,0,1.0609898000000000e-02,0,0,0,0,0,0,0,3.6963520000000000e-03,0,0,0,0,0,0,0,1.5743720000000001e-03,0,0,0,0,0,0,0,0,0,0,0,0,0,1.3005680000000000e-03,0,0,0,0,0,0,0,0,0,0,2.7654186000000001e-02,0,0,9.5831300000000003e-04,0,0,0,0,0,0,0,0,0,0,0,0,0,0,0,0,0,0,0,0,0,1.8481760000000000e-03,0,0,4.3808609999999998e-03,6.5028409999999997e-03,0,0,0,4.2439590000000003e-03,0,0,0,4.7915700000000002e-04,0,0,0,0,0,0,0,0,0,0,0,0,0,2.7380400000000000e-04,0,0,0,2.8749399999999999e-03,0,0,2.5463755000000001e-02,3.7648030000000002e-03,0,0,0,3.1487440000000002e-03,0,0,0,0,0,0,0,0,1.1636660000000000e-03,0,0,0,6.9819970000000002e-03,0,0,0,0,0,0,0,0,0,0,0,0,0,0,0,0,0,0,0,0,0,0,0,0,0,0,0,0,0,0,0,0,0,0,0,0,0,0,0,0,1.4443151000000000e-02,5.6814293000000002e-02,0,0,0,1.7112740000000000e-03,0,0,0,0,0,0,0,0,0,0,0,0,0,0,0,0,0,9.7884870000000002e-03,0,4.3124100000000000e-03,5.2022730000000003e-03,0,0,0,0,0,5.6814290000000000e-03,0,8.2141099999999997e-04,0,0,0,0,0,0,0,0,0,3.1829693999999999e-02,0,0,0,5.4760799999999999e-04,0,0,0,3.7374220999999999e-02,0,0,1.4374699999999999e-03,0,4.7915700000000002e-04,0,0,0,8.8986200000000005e-04,0,0,0,0,0,0,0,0,0,6.8451000000000004e-04,0,1.4374699999999999e-03,0,6.8451000000000004e-04,0,0,0,0,0,0,0,0,0,0,0,0,0,0,0,5.8183310000000004e-03,0,0,0,0,0,0,0,0,0,0,0,0,0,0,0,0,0,0,0,1.4100896999999999e-02,4.8189471999999997e-02,0,0,0,0,0,0,0,0,0,0,0,0,0,1.0952150000000001e-03,0,0,0,0,0,0,0,0,6.1605899999999996e-04,0,0,0,0,0,0,0,0,0,0,0,0,0,0,0,0,0,0,0,0,0,0,0,0,0,0,0,0,0,0,0,0,0,0,0,0,0,0,0,0,0,0,0,0,0,1.5743720000000001e-03,0,9.5831300000000003e-04,0,0,0,0,0,0,0,0,2.8064890000000001e-03,0,0,0,0,0,2.2588819999999998e-03,0,0,5.6129780000000002e-03,0,0,0,0,0,0,0,0,0,0,0,0,0,3.0802930000000000e-03,0,0,0,0,0,0,0,0,0,0,4.6546649999999997e-03,0,0,0,0,0,0,0,0,0,6.0236839999999996e-03,2.6901225000000001e-02,1.1294408000000001e-02,0,0,0,0,0,0,4.3124100000000000e-03,2.3957829999999999e-03,0,0,0,7.8034089999999999e-03,0,0,1.0062290000000000e-02,0,0,0,2.3957829999999999e-03,1.5743720000000001e-03,0,2.3957829999999999e-03,1.9029364999999999e-02,0,0,0,0,0,0,0,0,0,0,0,0,0,1.3758642000000000e-02,0,0,0,0,0,6.7081939999999998e-03,0,0,0,0,0,0,0,0,4.1070599999999999e-04,0,0,0,0,0,0,0,0,0,0,0,0,0,3.5594500000000000e-03,3.9017040000000002e-03,0,8.4194669999999999e-03,0,0,0,0,3.9017040000000002e-03,0,0,0,0,0,0,6.7081939999999998e-03,1.1636662000000001e-02,0,0,0,1.4374699999999999e-03,6.8451000000000004e-04,0,0,0,0,0,0,1.4169348000000000e-02,0,0,0,0,0,4.4493120000000004e-03,0,0,0,0,2.8749399999999999e-03,0,6
0,0,0,0,0,0,2.9657949999999998e-03,0,0,0,0,0,0,0,0,0,0,1.0237483000000000e-02,0,0,0,0,0,0,0,0,0,0,0,0,0,0,0,0,0,0,1.0984400000000000e-04,0,0,0,4.6991366000000000e-02,1.6300885000000001e-02,0,0,1.3620690000000000e-03,7.6891000000000004e-04,0,0,0,0,0,0,0,0,0,0,0,0,0,0,0,0,0,0,0,0,0,0,0,0,0,0,0,0,0,0,0,0,0,0,0,0,0,0,0,0,0,0,0,0,0,0,0,0,0,0,0,0,0,0,0,0,0,0,0,0,0,0,0,6.7224679999999997e-03,0,0,0,0,0,0,0,0,0,1.1379863000000000e-02,0,0,0,0,0,0,0,0,2.3199104000000002e-02,0,0,0,0,0,0,0,0,0,0,2.1999999999999999e-05,2.1999999999999999e-05,0,0,0,0,7.0322282999999999e-02,0,0,1.7575100000000001e-04,1.9947713999999998e-02,0,0,0,2.0211340000000000e-03,0,0,0,0,0,0,0,0,6.3709699999999999e-04,3.5150200000000001e-04,0,0,0,0,0,3.1195760000000002e-03,0,7.1552538999999998e-02,0,0,0,0,0,2.0650716999999999e-02,0,7.9746920000000002e-03,6.3270280000000002e-03,0,0,0,0,0,0,0,0,0,0,0,0,0,0,0,0,0,0,0,0,0,0,0,0,0,0,0,0,9.8859800000000004e-04,0,0,0,0,1.6037260000000000e-03,0,0,0,0,0,0,0,0,0,0,5.0528400000000005e-04,0,0,0,0,0,0,0,0,0,0,0,0,2.6801989999999999e-03,0,0,0,0,0,0,0,6.8103399999999996e-04,0,0,0,0,0,0,4.8331500000000000e-04,0,0,0,0,1.1863180000000000e-03,0,0,5.9315900000000000e-04,0,0,0,0,0,0,1.0984420000000000e-03,0,0,0,0,0,0,0,0,0,0,1.2302550000000000e-03,0,0,0,0,0,0,0,0,0,0,0,0,0,0,0,0,0,0,0,0,0,0,0,0,6.1732460000000003e-03,0,0,1.2302550000000000e-03,1.7794770000000000e-03,0,0,0,1.4279749999999999e-03,0,0,0,0,0,0,0,0,5.2725199999999997e-04,0,0,7.6891000000000004e-04,0,0,0,0,0,4.3498319999999997e-03,0,0,0,0,0,0,1.7487203000000000e-02,0,0,0,0,0,0,0,0,0,0,0,0,0,0,0,0,0,0,0,0,0,0,0,0,0,2.9372349999999998e-02,0,0,0,0,0,0,0,0,0,0,0,0,0,0,0,0,4.3900000000000003e-05,0,0,0,0,0,0,0,0,9.3147920000000006e-03,0,0,0,0,0,0,3.8467452999999999e-02,1.9049188300000000e-01,0,0,0,2.7241370000000002e-03,0,3.7346999999999999e-04,0,0,0,0,0,0,0,0,0,1.5378200000000001e-04,0,0,0,0,0,2.2188540000000001e-03,0,1.3181309999999999e-03,1.2961620000000000e-03,0,0,3.0756400000000003e-04,0,9.6662899999999999e-04,0,0,0,0,0,0,0,0,0,0,0,0,0,0,0,0,0,7.6891000000000004e-04,0,0,1.6059227999999998e-02,0,0,1.3620690000000000e-03,0,2.0431030000000001e-03,0,0,0,0,0,0,0,0,0,0,0,0,0,0,0,0,0,0,0,0,0,0,0,0,0,0,0,0,0,0,0,0,0,4.0862060000000002e-03,0,0,0,0,8.1284700000000001e-04,0,2.6362619999999999e-03,0,0,2.2188540000000001e-03,0,0,0,0,0,0,0,4.6134600000000001e-04,0,3.4491090000000001e-03,1.3159340000000000e-02,0,0,0,4.3900000000000003e-05,0,0,0,0,0,0,0,0,0,1.6037260000000000e-03,0,0,0,0,0,2.4165699999999999e-04,0,0,1.8234140000000000e-03,0,0,0,0,0,0,0,0,0,0,0,0,0,0,0,0,0,0,0,0,0,0,0,0,0,0,0,0,0,0,0,0,0,0,0,0,0,0,0,0,0,0,0,0,0,4.1960499999999998e-03,0,0,0,0,0,0,0,0,1.3840370000000001e-03,0,1.1423799999999999e-03,0,5.7118999999999996e-04,0,0,0,0,0,0,1.7575080000000001e-03,0,0,0,0,0,0,0,0,0,0,0,0,0,0,0,0,0,0,0,0,0,0,0,0,0,0,0,0,0,0,0,0,0,0,1.4477471000000000e-02,3.8884860000000000e-03,1.4433533000000000e-02,0,0,0,0,0,0,0,0,0,0,0,5.9974959999999997e-03,0,0,3.9543927000000000e-02,0,0,0,2.3726360000000000e-03,1.2302550000000000e-03,0,1.8673520000000001e-03,3.0097320000000002e-03,0,0,0,2.3067290000000000e-03,0,0,0,0,0,0,0,0,0,5.6503878000000000e-02,0,0,0,0,0,2.6142930000000002e-03,0,0,0,0,0,0,0,0,1.0281421000000001e-02,0,0,0,0,0,0,0,0,0,7.2497200000000005e-04,0,0,0,0,0,0,3.7412948000000001e-02,0,0,0,0,8.1065050000000000e-03,5.0528350000000003e-03,0,0,0,0,0,8.8095080000000006e-03,8.8095080000000006e-03,0,0,0,3.9324240000000003e-03,1.3840370000000001e-03,0,0,0,0,0,0,4.4179353999999997e-02,0,0,0,0,1.8234144000000001e-02,0,0,0,0,0,0,0,6
0,0,0,0,0,0,5.9383140000000001e-03,0,0,0,0,0,0,0,0,0,0,2.9085620000000000e-03,0,0,0,0,0,0,0,0,0,0,0,0,0,0,0,0,0,0,0,0,0,0,1.2591649999999999e-01,5.0748348999999998e-02,0,0,2.9388600000000002e-03,1.7269589999999999e-03,0,0,0,0,0,0,0,6.0600000000000003e-05,0,0,0,0,0,0,0,0,0,0,0,0,0,0,0,0,0,0,0,0,0,0,0,0,0,0,0,0,0,0,0,0,0,0,0,0,0,0,0,0,0,0,0,0,0,0,0,0,0,3.9386800000000002e-04,0,0,1.5754709999999999e-03,0,0,0,0,0,0,0,0,0,0,0,0,0,0,0,0,0,0,0,6.6654500000000005e-04,0,2.4965158000000001e-02,0,0,0,0,0,2.4237999999999999e-04,0,0,0,9.0900000000000000e-05,0,0,0,0,0,0,3.9053505000000002e-02,1.3361207000000000e-02,0,0,6.6624249999999996e-02,0,0,0,1.0482942000000000e-02,0,0,0,0,0,0,0,0,0,0,0,0,0,0,0,5.7565299999999997e-04,0,1.5754709999999999e-03,0,9.0900000000000000e-05,0,0,0,1.6057686000000002e-02,0,3.6054049999999999e-03,1.8814760999999999e-02,0,0,0,1.8178500000000001e-04,0,0,0,0,0,0,0,0,0,0,3.9386800000000002e-04,0,0,0,0,0,0,6.0600000000000003e-05,0,0,0,0,0,0,0,0,0,0,0,1.7269589999999999e-03,0,0,0,0,0,0,0,0,0,0,0,0,0,0,0,0,0,0,0,0,0,0,0,5.6959339999999997e-03,0,0,0,0,6.0600000000000003e-05,0,0,6.3624799999999996e-04,0,0,0,0,0,0,0,2.4237999999999999e-04,0,0,0,0,0,0,2.4237999999999999e-04,0,0,0,0,3.0297499999999998e-04,0,0,0,0,0,3.3327299999999998e-04,0,0,0,0,0,0,2.0238743999999999e-02,0,0,0,0,0,0,0,0,0,0,0,0,0,0,0,0,0,0,0,0,0,0,0,0,2.9994549999999998e-03,0,0,1.2724959999999999e-03,0,0,0,0,4.7870079999999997e-03,0,0,0,4.5446300000000000e-04,0,0,0,1.6057689999999999e-03,5.7565299999999997e-04,0,0,0,0,0,0,0,0,1.8178510000000001e-03,0,0,0,1.0907110000000001e-03,1.0604130000000001e-03,0,1.9360116000000000e-02,0,6.0600000000000003e-05,0,0,9.3922299999999999e-04,0,0,0,0,0,0,0,0,0,0,0,0,8.9680660000000002e-03,0,0,0,2.4237999999999999e-04,0,0,0,3.9386800000000002e-04,0,0,0,0,0,0,0,0,2.4298612000000001e-02,0,0,0,0,0,0,0,0,0,0,0,0,0,2.7267799999999999e-04,0,0,0,0,0,0,0,0,0,1.7996728000000000e-02,7.3259406999999999e-02,0,0,0,7.5743800000000003e-04,0,0,2.4237999999999999e-04,3.3327299999999998e-04,0,1.0604130000000001e-03,0,0,0,0,0,0,0,0,0,0,0,2.7267770000000001e-03,2.3329090000000002e-03,3.0903469999999998e-03,1.9087440000000000e-03,0,0,0,0,0,1.3633880000000001e-03,0,6.0594999999999996e-04,0,0,0,0,0,0,0,0,0,6.3261225000000004e-02,0,0,0,4.5446300000000000e-04,0,0,0,1.5239653000000001e-02,0,0,0,0,9.0892600000000000e-04,0,0,0,0,0,0,0,0,0,0,0,0,0,0,0,0,0,1.7572560000000000e-03,0,0,0,0,0,0,0,1.0422347000000000e-02,1.5148800000000000e-04,0,0,0,0,0,0,7.2108099999999998e-03,0,0,0,0,0,0,0,0,0,6.1806939999999996e-03,0,0,0,2.2420169999999998e-03,0,0,0,1.9693390000000001e-03,0,3.1206450000000000e-03,1.4451917999999999e-02,0,0,0,0,0,0,0,0,0,0,0,0,0,6.6654500000000005e-04,3.7265950000000001e-03,0,0,0,0,0,0,0,0,4.8475999999999999e-04,0,0,0,2.1208300000000001e-04,0,0,0,0,0,0,0,0,0,0,0,0,0,0,0,0,0,0,0,0,0,0,0,0,0,0,0,0,0,0,0,0,6.0600000000000003e-05,0,0,0,0,0,0,0,9.6952099999999999e-04,0,3.5751080000000000e-03,0,0,0,0,0,0,8.7862800000000000e-04,0,1.6663640000000000e-03,0,0,0,0,0,0,1.2119010000000000e-03,0,3.1509419999999999e-03,0,0,3.6357000000000002e-04,0,0,0,0,0,0,0,0,0,0,8.4833100000000002e-04,0,0,0,0,0,0,0,0,0,0,2.1814220000000001e-03,0,2.3329090000000002e-03,0,0,0,3.3024299999999999e-03,0,2.1208300000000001e-04,0,1.0119372000000000e-02,3.0994364999999999e-02,9.5437190000000009e-03,0,0,0,0,0,0,2.7510150000000001e-02,0,0,0,0,7.6046780000000001e-03,1.4542810000000000e-03,0,1.4694298000000000e-02,0,0,0,3.0600499999999999e-03,1.1816030000000000e-03,0,1.6360660000000000e-03,1.0240562000000000e-02,3.6660000000000000e-03,0,2.1208300000000001e-04,0,0,3.0297499999999998e-04,0,0,0,0,0,0,0,3.9386780000000001e-03,0,0,0,0,0,1.0998000000000001e-02,2.8782650000000001e-03,0,0,0,0,0,0,0,8.9680660000000002e-03,0,0,0,0,0,0,0,2.2420169999999998e-03,0,0,0,0,3.6054049999999999e-03,1.3330910000000000e-03,1.8481490000000001e-03,3.0300000000000001e-05,8.4227109999999994e-03,0,0,0,0,3.0903469999999998e-03,3.2115370000000000e-03,0,0,0,0,2.2420169999999998e-03,3.1206446999999998e-02,3.1903290000000001e-02,0,0,0,0,0,0,0,0,0,0,0,7.9076530000000006e-03,0,0,0,2.4238020000000001e-03,0,2.4238020000000001e-03,0,0,0,0,1.4845790000000000e-03,0,6
0,0,0,0,0,0,1.2578616000000001e-02,0,0,0,0,0,0,0,0,0,0,0,0,0,0,0,0,0,0,0,0,0,0,0,0,0,0,0,0,0,0,0,0,0,2.5828092000000000e-02,8.5324949999999993e-03,0,0,0,0,0,0,0,0,0,0,0,0,0,0,0,0,0,0,0,0,0,0,0,0,0,0,0,0,0,0,0,0,0,0,0,0,0,0,0,0,0,0,0,0,0,0,0,0,0,0,0,0,0,0,0,0,0,0,0,0,0,1.6876309999999999e-02,0,0,6.0796600000000004e-04,0,0,0,0,0,0,0,0,0,0,0,0,4.2767300000000003e-03,0,0,0,0,0,0,0,0,3.8784066999999998e-02,0,0,0,0,0,1.9496860000000000e-03,0,0,9.2243200000000005e-04,0,0,0,0,0,1.8867900000000000e-04,0,2.7211740000000002e-02,0,5.2620549999999999e-03,0,6.0733753000000001e-02,0,0,0,1.2997900000000001e-03,0,0,0,0,0,0,0,0,0,0,0,0,0,0,0,1.0901470000000001e-03,0,0,0,0,0,0,0,1.0566038000000000e-02,0,0,1.3836479999999999e-03,0,0,0,0,0,0,0,0,0,0,0,0,0,3.3543000000000001e-04,0,0,0,0,0,0,0,0,6.2054509999999998e-03,4.2557649999999999e-03,0,0,0,1.1111109999999999e-03,7.5471700000000002e-04,6.2893100000000000e-04,3.0607970000000001e-03,0,0,3.3752620000000000e-03,0,0,0,4.1900000000000002e-05,0,1.0482199999999999e-04,0,0,0,0,0,0,1.3417189999999999e-03,0,0,0,0,0,0,0,0,0,0,1.6771490000000000e-03,0,0,0,0,0,0,0,2.7253700000000000e-04,0,0,0,0,0,0,3.5639400000000000e-04,0,0,0,0,0,0,0,0,0,2.0964399999999999e-04,0,0,0,0,9.6436099999999995e-04,0,0,0,0,0,0,0,0,0,0,3.2704399999999999e-03,0,0,0,0,0,0,0,0,0,0,0,0,0,0,0,0,0,0,0,0,0,0,0,0,2.1174000000000002e-03,0,0,0,0,0,1.3626829999999999e-03,0,5.8280920000000000e-03,0,0,0,2.9350099999999999e-04,0,0,0,1.2788260000000001e-03,4.6121600000000002e-04,0,0,0,0,0,0,0,0,2.2431869999999998e-03,0,0,1.2578599999999999e-04,3.2704399999999999e-03,0,0,5.1740042000000000e-02,0,0,0,0,0,0,0,0,0,1.8867900000000000e-04,0,0,0,3.7735800000000000e-04,0,0,0,5.6394130000000002e-03,0,0,0,0,0,0,0,1.4989518000000000e-02,0,0,0,0,0,0,0,0,0,0,0,0,0,0,6.7086000000000001e-04,0,0,0,0,0,0,0,6.9182399999999995e-04,0,4.4863730000000001e-03,0,0,0,0,0,0,0,3.3396226000000001e-02,1.2876310299999999e-01,0,0,0,3.1865830000000002e-03,0,4.4025200000000003e-04,0,0,0,2.9350099999999999e-04,0,0,0,0,0,0,0,0,0,7.9664600000000003e-04,0,3.7735849999999999e-03,3.4381550000000000e-03,3.3123689999999999e-03,4.3186580000000004e-03,0,0,6.7086000000000001e-04,0,0,1.9350104999999999e-02,0,0,0,9.6436099999999995e-04,0,0,0,0,0,0,0,4.3186583000000001e-02,0,0,0,0,0,0,0,1.0461216000000001e-02,0,0,3.7735800000000000e-04,0,3.0398320000000001e-03,0,0,0,0,0,0,0,0,0,0,0,0,0,3.0188680000000001e-03,0,0,0,5.1153040000000002e-03,0,0,0,0,0,0,0,2.0335430000000002e-02,0,0,0,0,0,0,0,1.1069182000000000e-02,0,0,0,0,0,3.4591190000000001e-03,0,0,0,1.1111109999999999e-03,0,0,0,0,0,0,0,1.3626829999999999e-03,0,2.1174000000000002e-03,8.3228509999999992e-03,0,0,0,0,0,0,0,0,0,0,0,3.3543000000000001e-04,0,3.4171910000000000e-03,1.6771490000000000e-03,0,0,0,0,5.6603800000000004e-04,0,6.7086000000000001e-04,1.7819710000000000e-03,0,0,0,0,0,0,0,0,0,0,0,0,0,0,0,0,0,0,0,0,0,0,0,0,0,0,0,0,0,0,0,0,0,0,0,0,0,0,0,0,0,0,0,0,0,1.5723270000000001e-03,0,3.2075469999999998e-03,0,0,0,0,0,0,0,0,2.5178196999999999e-02,4.7169810000000003e-03,2.0754720000000001e-03,0,0,0,8.3018870000000008e-03,0,0,6.9182399999999995e-04,0,0,0,0,0,0,0,0,0,0,0,0,0,7.3375299999999997e-04,0,0,0,0,0,0,0,0,0,0,8.9308180000000001e-03,0,1.0272540000000000e-03,0,0,0,2.7044030000000002e-03,7.9664600000000003e-04,0,3.3543000000000001e-04,7.4004190000000001e-03,2.8700210000000000e-02,9.6645700000000008e-03,0,0,0,0,0,0,0,2.3689729999999999e-03,0,1.2788260000000001e-03,0,5.6603770000000003e-03,1.0901470000000001e-03,0,1.7987421000000000e-02,0,0,0,1.3186583000000000e-02,2.2431869999999998e-03,0,8.8050300000000004e-04,1.5995807000000001e-02,0,0,0,3.5639400000000000e-04,0,0,0,0,0,0,0,0,2.2431869999999998e-03,2.8113208000000001e-02,0,0,0,0,0,3.3542979999999999e-03,0,0,0,1.0691819999999999e-03,0,0,0,0,8.3900000000000006e-05,0,0,1.2368970000000000e-03,5.2410900000000003e-04,0,0,0,0,0,0,0,0,0,6.0796600000000004e-04,8.8050300000000004e-04,0,1.3836479999999999e-03,6.2899999999999997e-05,0,0,0,2.1802940000000002e-03,2.2851149999999999e-03,0,0,0,0,3.0398320000000001e-03,2.7651992000000000e-02,7.1593291000000003e-02,0,0,0,1.5303980000000001e-03,0,0,0,0,0,0,0,1.2997903999999999e-02,0,0,0,4.9056600000000001e-03,0,1.2159330000000000e-03,0,0,0,0,0,0,6
0,0,0,0,0,0,0,0,0,0,0,0,0,0,0,0,0,0,0,0,0,0,0,0,0,0,0,0,0,0,0,0,0,0,0,0,0,0,0,0,1.2226635000000000e-02,4.6178879999999997e-03,0,0,0,0,0,0,0,0,0,0,7.1799999999999997e-05,0,0,0,0,0,0,0,0,0,0,0,0,0,0,0,0,0,0,0,0,0,0,0,0,0,0,0,0,0,0,0,0,0,0,0,0,0,0,0,0,0,0,0,0,0,0,0,0,0,0,4.5461100000000000e-04,0,0,8.3744099999999997e-04,0,1.3399050000000000e-03,0,0,0,0,0,0,0,0,0,0,5.3763697999999999e-02,0,0,0,1.1963400000000000e-04,0,0,0,0,1.2107000999999999e-02,0,0,0,0,0,5.8381589999999999e-03,0,0,0,0,0,0,0,0,0,0,1.5863520999999998e-02,0,0,0,0,0,0,0,5.2639099999999997e-04,0,0,0,0,0,0,0,0,0,0,0,5.3596210000000002e-03,0,0,0,1.1006360000000001e-03,0,0,1.2920510000000000e-03,0,0,0,0,1.0049289999999999e-03,0,0,3.8043740000000001e-03,0,0,2.6319599999999999e-04,0,0,0,0,0,0,0,0,0,0,0,0,0,0,0,0,0,0,0,0,0,0,0,0,0,0,0,1.5552470000000001e-03,0,0,4.0436430000000004e-03,0,0,0,0,0,0,0,0,9.5699999999999995e-05,0,1.8854381000000000e-02,0,0,0,0,0,0,0,0,0,0,0,0,0,0,0,0,0,0,0,0,0,0,0,0,0,0,0,0,0,0,0,0,0,0,0,0,0,0,0,0,0,0,0,0,0,0,0,0,0,0,0,0,0,0,0,0,2.3687610000000000e-03,0,0,0,0,0,0,0,7.1780599999999998e-04,0,0,0,0,0,0,0,0,0,0,0,0,0,2.6176006000000002e-02,0,0,0,1.4595400000000001e-03,0,0,0,1.1365268000000000e-02,0,0,0,1.6748800000000001e-04,0,0,0,7.4173299999999995e-04,5.8860120000000004e-03,0,0,7.9197969999999993e-03,0,5.1682059999999998e-03,0,2.8712300000000002e-04,0,0,0,0,0,1.3590468000000000e-02,0,0,4.3857970000000003e-02,0,0,0,0,0,0,0,0,0,0,5.0485720000000003e-03,0,0,0,0,0,0,1.1365268000000000e-02,0,0,0,0,0,0,0,3.1248504999999999e-02,0,0,0,0,0,0,0,0,0,0,0,0,0,0,0,0,0,0,0,0,0,0,0,0,0,0,0,0,0,0,0,0,0,0,0,0,0,3.5890299999999999e-04,0,3.1104899999999998e-04,0,0,0,0,0,0,0,0,0,0,0,0,1.2441980000000000e-03,0,0,2.4883950000000000e-03,0,0,8.6136800000000005e-04,0,0,5.9817200000000000e-04,0,0,5.5031819999999997e-03,0,4.9624347999999999e-02,0,0,0,0,0,0,7.3455520000000000e-03,0,0,3.8043738000000001e-02,0,0,0,0,0,0,0,1.8662970000000001e-03,0,0,0,0,0,0,0,9.5699999999999995e-05,6.4602599999999996e-04,0,0,6.4124040000000000e-03,0,0,0,0,0,0,0,0,0,0,1.1319806700000000e-01,0,0,0,0,0,0,0,5.4074750000000001e-03,0,1.8423700000000001e-03,2.3209070000000001e-03,0,0,0,0,1.6964158000000000e-02,0,0,0,0,0,0,0,0,0,0,0,0,0,0,0,0,0,8.6136800000000005e-04,0,0,1.4116860000000001e-03,0,0,0,0,0,0,0,0,5.7424500000000003e-04,0,0,0,0,1.5552470000000001e-03,1.9141500000000001e-03,0,0,0,0,0,0,0,1.8184430000000001e-03,0,0,0,0,0,0,0,0,0,0,0,0,0,7.1799999999999997e-05,0,0,0,0,0,0,0,0,0,0,4.7899999999999999e-05,0,0,0,0,0,0,0,0,0,0,0,0,0,0,0,0,0,0,0,0,1.0456046000000000e-02,0,0,0,0,0,0,7.4173299999999995e-04,0,0,0,4.1154230000000000e-03,0,0,0,0,0,4.5461100000000000e-04,0,0,0,0,0,0,0,0,0,0,0,0,0,0,0,2.3926899999999999e-04,0,0,0,0,0,0,0,0,0,0,0,0,0,4.7899999999999999e-05,1.3159780000000000e-03,0,0,4.0436430000000004e-03,1.1484900000000001e-03,0,9.8100199999999992e-04,2.4501124999999999e-02,0,9.8100210000000004e-03,0,0,0,0,0,0,0,3.9933962000000003e-02,1.2657319000000000e-02,0,2.9908600000000001e-03,5.6491362000000003e-02,0,9.8100210000000004e-03,1.6365985999999999e-02,0,0,0,2.3926880000000000e-03,1.7538403000000001e-02,0,1.6031010000000000e-03,7.1780599999999998e-04,0,0,0,4.7853799999999998e-04,0,0,0,0,0,0,0,0,0,1.3399052000000000e-02,0,0,0,0,0,1.3973298000000000e-02,1.2920515000000000e-02,6.8909410000000003e-03,0,0,0,0,0,0,1.6748800000000001e-04,0,0,0,0,0,0,4.7614490000000001e-03,0,0,0,0,1.8184430000000001e-03,0,3.1344210000000001e-03,4.8093030000000000e-03,0,9.0682869999999995e-03,0,0,0,0,2.6319599999999999e-04,0,0,0,0,0,0,2.9382208000000000e-02,9.0515385000000004e-02,0,0,0,0,0,0,0,0,0,0,0,1.2633392000000000e-02,1.5313200000000001e-03,0,0,0,0,0,0,0,0,0,0,0,6
0,0,0,0,0,0,0,0,0,0,0,0,0,0,0,0,0,0,0,0,0,0,0,0,0,0,0,0,0,0,0,0,0,0,0,0,0,0,0,0,8.6225829999999996e-03,2.9657289999999998e-03,0,0,0,0,0,0,0,0,0,0,0,0,0,0,0,0,0,2.4714399999999998e-04,0,0,0,0,0,0,0,0,0,0,0,0,0,0,0,0,0,0,0,0,0,0,0,0,0,0,0,0,0,0,0,0,0,0,0,0,0,0,0,0,0,0,0,0,0,0,1.0434970000000000e-03,0,0,3.1854129999999998e-03,0,0,0,0,0,0,0,0,0,1.9908830999999998e-02,0,0,0,0,0,0,0,0,1.0599736000000000e-02,0,0,0,0,0,0,0,0,0,0,0,0,0,0,0,0,1.9194859000000002e-02,0,0,0,0,0,0,0,7.9635299999999997e-04,0,0,0,0,0,0,0,0,0,0,0,0,0,0,0,9.0619500000000005e-04,0,0,0,0,0,0,0,0,0,0,1.6750879000000000e-02,0,0,0,0,0,0,0,0,0,0,0,0,0,0,0,0,0,0,0,0,0,0,0,0,0,0,0,0,0,0,1.2082600000000001e-03,0,0,1.7766916000000001e-02,1.8398510000000000e-03,0,0,0,0,0,0,0,0,0,4.9978030000000003e-03,5.8490770000000003e-03,5.3822499999999999e-03,0,0,0,0,0,0,0,0,0,0,2.1968399999999999e-04,0,0,0,0,0,0,0,0,0,0,0,0,0,0,0,0,0,0,0,0,0,0,0,0,0,0,0,0,0,0,0,0,0,0,0,0,0,0,0,0,0,0,0,4.5858959999999999e-03,0,0,0,0,0,0,0,0,0,0,0,0,0,0,0,0,0,0,0,0,0,2.6389499000000000e-02,0,0,0,1.6476300000000001e-04,0,0,0,2.4659489999999999e-02,0,0,0,0,0,0,0,0,1.6201670000000000e-03,0,0,4.6682779999999997e-03,0,0,0,1.2082600000000001e-03,0,4.9428820000000000e-03,0,0,0,0,0,0,1.3510545000000001e-02,0,0,0,0,0,0,0,0,0,0,3.4050970000000002e-03,0,0,0,0,0,0,3.8444599999999998e-04,0,0,0,0,0,0,0,4.2728470999999997e-02,0,0,0,0,0,0,0,0,0,0,0,0,0,0,0,0,0,0,0,0,0,0,0,0,0,0,0,0,0,0,0,0,0,0,0,0,0,6.8651100000000000e-04,0,0,0,0,0,0,0,0,1.9222299999999999e-04,0,0,0,0,0,0,0,0,1.3455620000000000e-03,0,0,0,0,0,7.6889299999999999e-04,0,0,5.2724080000000001e-03,0,9.7869069000000003e-02,0,0,0,0,0,0,6.5905100000000002e-04,0,0,0,0,0,0,0,0,0,0,1.8123900000000001e-03,0,0,0,0,0,0,0,0,0,0,0,1.5927070000000001e-03,0,0,0,0,0,0,0,0,0,0,0,0,0,0,0,0,0,0,0,0,0,0,0,0,0,0,2.1419159999999998e-03,0,0,0,0,0,0,0,0,0,0,0,0,0,0,0,0,0,3.6797010000000001e-03,0,0,4.1739890000000003e-03,0,0,0,0,0,0,0,0,0,0,0,0,0,1.8123900000000001e-03,0,0,0,2.7185849999999999e-03,0,0,0,0,0,0,0,0,0,0,0,0,0,0,0,0,0,0,0,0,0,0,0,0,0,0,0,0,0,0,0,0,0,0,0,0,0,0,0,0,0,0,0,0,0,0,0,0,0,0,9.8583040000000000e-03,0,0,0,0,0,0,1.9222320000000001e-03,0,0,0,7.8811509999999994e-03,0,0,0,0,0,0,0,0,0,0,0,0,0,0,0,0,0,0,0,0,0,0,0,0,0,0,0,0,0,0,0,0,0,0,0,0,0,0,0,0,0,0,0,2.8284271000000000e-02,0,2.0018673000000001e-02,0,0,0,0,0,0,0,0,0,0,0,1.4468914799999999e-01,1.6668497000000001e-02,2.1776141999999998e-02,2.9794596000000000e-02,0,7.1397200000000000e-04,0,0,2.8339191999999999e-02,0,6.3982860000000004e-03,2.8833480000000000e-03,2.9108080000000000e-03,0,0,0,0,0,0,0,0,0,0,0,0,3.6797010000000001e-03,0,0,0,0,0,5.3657732999999999e-02,4.1575132000000001e-02,2.2627417000000000e-02,0,0,0,0,0,0,1.7217706999999999e-02,0,0,0,0,0,0,0,0,0,1.5652460000000000e-03,0,0,0,0,0,0,7.6806897999999998e-02,0,0,0,0,8.7873499999999995e-04,0,0,0,0,0,0,4.1739890000000003e-03,1.2247364000000000e-02,0,0,0,9.0619500000000005e-04,0,0,0,0,0,0,0,6.8047012000000004e-02,0,0,0,0,0,0,0,0,0,0,0,0,6
0,0,0,0,0,0,0,0,0,0,0,0,0,0,0,5.7181849999999998e-03,0,6.3535399999999998e-04,0,0,0,0,0,0,0,0,0,0,0,0,0,0,0,0,0,0,0,0,0,0,4.0144955000000003e-02,1.6213291000000001e-02,0,0,0,0,0,0,0,0,0,0,0,0,0,0,0,0,0,0,0,0,0,0,0,0,0,0,0,0,0,0,0,0,0,0,0,0,0,0,0,0,0,0,0,0,0,0,0,0,0,0,0,0,0,0,0,0,0,0,0,0,0,3.0120479999999998e-03,0,0,4.7063299999999998e-04,0,0,0,0,0,0,0,0,0,0,0,0,2.4872928999999998e-02,0,0,0,0,0,0,0,0,9.0032002999999999e-02,0,0,0,0,0,2.7273155000000000e-02,0,9.8832799999999991e-04,0,0,0,0,0,0,0,0,6.0711599999999999e-03,0,0,0,0,0,0,0,2.8237999999999999e-04,0,0,0,0,0,0,0,0,0,0,0,6.1182200000000004e-04,0,0,0,8.7067020000000002e-03,0,0,4.7063299999999998e-04,0,0,0,0,1.2236450000000000e-03,0,0,2.5884800000000000e-04,0,0,0,0,0,0,0,0,0,9.8832799999999991e-04,0,0,0,0,0,0,0,0,0,0,0,0,0,0,0,0,0,0,0,0,0,8.7067000000000004e-04,0,1.1012800999999999e-02,1.0589230000000000e-03,0,7.0599999999999995e-05,0,0,0,0,0,0,0,4.5204254999999999e-02,0,0,0,0,0,0,0,0,0,0,0,0,0,0,0,0,0,0,0,0,0,0,0,0,0,0,0,5.8829100000000001e-04,0,0,0,0,1.3883660000000000e-03,0,0,1.5295560000000001e-03,0,0,0,0,0,0,0,0,0,0,0,0,0,0,0,0,0,0,0,0,1.1295181000000000e-02,0,0,0,0,0,0,0,0,0,0,0,0,0,0,0,0,0,0,0,0,0,2.0354857000000001e-02,0,0,0,0,0,7.5301200000000004e-03,0,7.7889680000000003e-03,0,0,0,0,0,0,0,1.4589609999999999e-03,9.1773300000000000e-04,0,0,1.1059860000000000e-03,0,0,0,2.1178460000000001e-03,0,1.0353920000000000e-03,0,0,0,1.1907002999999999e-02,0,0,2.7837913999999998e-02,0,0,0,1.8825299999999999e-04,0,0,0,0,0,0,2.5414159999999999e-03,0,0,0,0,0,0,2.9414530000000001e-03,0,0,0,0,0,0,0,6.1182229999999999e-03,0,0,0,0,0,0,0,0,0,0,0,0,0,0,0,0,0,0,0,0,0,0,0,0,0,0,0,0,0,0,0,0,0,0,0,0,0,2.3531600000000001e-04,4.2356900000000000e-04,0,0,0,0,0,0,0,0,0,0,0,0,0,4.9416399999999995e-04,0,0,1.0353920000000000e-03,0,0,4.0003800000000002e-04,0,0,2.5884800000000000e-04,0,0,3.0591113999999999e-02,0,1.8966490999999999e-02,0,0,0,0,0,0,5.3652109999999999e-03,0,0,4.1650979999999999e-03,0,0,0,0,0,0,0,5.6475899999999996e-04,0,0,0,0,0,0,0,0,2.1178500000000001e-04,0,0,8.2831329999999998e-03,0,0,0,0,0,0,0,0,0,1.0353920000000000e-03,4.7298569999999996e-03,2.7767320000000001e-03,0,3.7885919999999999e-03,0,0,0,0,1.5860315999999999e-02,0,0,5.1769600000000000e-04,0,0,0,0,9.2008660000000003e-03,0,0,0,0,0,0,0,0,0,0,0,0,0,0,0,1.4118999999999999e-04,0,2.8943900000000002e-03,0,0,2.8473270000000002e-03,0,0,0,0,0,0,0,0,0,0,0,1.1765800000000000e-04,0,2.2590359999999999e-03,0,0,0,0,0,0,0,0,1.2471760000000000e-03,0,0,0,0,0,0,0,0,0,0,0,0,0,0,0,0,0,0,0,0,0,0,0,0,0,0,0,0,0,0,0,0,0,0,0,0,7.0599999999999995e-05,0,0,0,0,0,0,0,0,6.9888930000000004e-03,0,0,0,0,0,0,0,0,0,0,3.1061750000000001e-03,0,0,0,0,0,2.8237950000000000e-03,0,0,0,0,0,0,0,0,0,0,0,0,0,0,4.0003800000000002e-04,5.8829100000000001e-04,0,0,0,0,5.1769579999999997e-03,0,0,0,0,0,0,2.1884410000000002e-03,0,0,0,0,0,2.7061370000000000e-03,0,0,4.2356900000000000e-04,5.9887989000000003e-02,0,2.2002071000000002e-02,0,0,0,0,0,0,0,6.5653240000000000e-03,1.7648720000000000e-03,0,0,3.1626505999999999e-02,3.1532380000000000e-03,6.7065140000000002e-03,3.8591870000000000e-03,0,0,0,0,7.9772209999999996e-03,0,1.0118600000000001e-03,1.0824550000000000e-03,3.9062500000000000e-03,2.1178500000000001e-04,0,0,0,0,0,0,0,0,0,0,0,7.9066269999999994e-03,0,0,0,0,0,3.5603350999999998e-02,2.8261483000000000e-02,1.4919050999999999e-02,0,0,0,0,0,0,0,0,0,0,0,0,0,0,2.6590740000000000e-03,0,1.2236450000000000e-03,0,0,0,0,0,0,4.3298190000000004e-03,0,0,0,1.0118600000000001e-03,6.1182200000000004e-04,0,0,4.7063299999999998e-04,0,9.6479699999999999e-04,0,3.7274096000000000e-02,1.1318712300000000e-01,0,0,0,1.3648340000000001e-03,0,0,0,3.2944300000000001e-04,0,0,0,5.1581324999999997e-02,2.4472890000000001e-03,0,0,0,3.9768449999999997e-03,4.4004140000000001e-03,0,0,0,0,0,0,6
0,0,0,0,0,0,0,0,0,0,0,0,0,0,0,2.3657919999999998e-03,0,0,0,0,0,0,0,0,0,0,0,0,0,0,0,0,0,0,0,0,0,0,0,0,5.2631578999999998e-02,1.9831766000000001e-02,0,0,0,0,0,0,0,0,0,0,0,0,0,0,0,0,0,0,0,0,0,0,0,0,0,0,0,0,0,0,0,0,0,0,0,0,0,0,0,0,0,0,0,0,0,0,0,0,0,0,0,0,0,0,0,0,0,0,0,0,0,0,0,0,4.6731700000000003e-04,0,0,0,0,0,0,0,0,0,0,0,0,7.2142064000000006e-02,0,0,0,0,0,0,0,0,2.4125240999999999e-02,0,0,0,0,0,4.7023769999999998e-03,0,0,0,0,0,0,0,0,0,0,1.4399205999999999e-02,0,0,0,0,0,0,0,1.3143289999999999e-03,0,0,0,0,0,0,0,0,0,0,0,6.8637189999999999e-03,0,0,0,2.3950000000000000e-03,0,0,1.4019510000000000e-03,0,0,0,0,0,0,0,1.3610608000000000e-02,0,0,0,0,0,0,0,0,0,0,0,0,0,0,0,0,0,0,0,0,0,0,0,0,0,0,0,0,0,0,2.4826219999999999e-03,0,0,9.6384100000000000e-04,0,0,0,0,1.7524399999999999e-04,0,0,0,0,0,3.2887435000000000e-02,0,0,0,0,0,0,0,0,0,0,0,0,0,0,0,0,0,0,0,0,0,0,0,0,0,0,0,0,0,0,0,0,0,0,0,1.0222560000000000e-03,0,0,0,0,0,0,0,0,0,0,0,0,0,0,0,0,0,0,0,0,1.2559139999999999e-03,0,0,0,0,0,0,0,0,0,0,0,0,0,0,0,0,0,0,0,0,0,7.5062799999999997e-03,3.0083530000000001e-03,0,1.3931888999999999e-02,5.8414629999999999e-03,0,0,0,1.2062620000000000e-02,0,0,0,0,0,0,0,0,0,0,0,1.6940239999999999e-03,0,0,0,3.0667680000000001e-03,0,2.5118290000000001e-03,0,0,0,1.4107132000000000e-02,0,0,2.4884631000000001e-02,0,0,0,0,0,0,0,0,0,0,0,0,0,0,0,0,0,6.1335360000000002e-03,0,0,0,0,0,0,0,1.7436765999999999e-02,0,0,0,0,0,0,0,0,0,0,0,0,0,0,0,0,0,0,0,0,0,0,0,0,0,0,0,0,0,0,0,0,0,0,0,0,0,0,0,2.6286600000000000e-04,0,3.2128000000000001e-04,0,7.0097599999999996e-04,0,0,0,0,0,0,0,0,3.6801220000000001e-03,0,0,3.7677430000000000e-03,0,1.3143289999999999e-03,1.6356100000000000e-03,0,0,6.1335399999999998e-04,0,0,3.6392313000000003e-02,0,1.9218412000000001e-02,0,0,0,0,0,0,4.7607919999999998e-03,0,4.2934751000000000e-02,0,0,0,0,0,0,0,0,1.9276829999999999e-03,0,0,0,0,2.6286600000000000e-04,0,0,0,1.6064020000000000e-03,0,0,5.5493899999999995e-04,0,0,0,0,0,0,0,0,0,0,2.2431217000000000e-02,0,0,0,0,0,0,0,0,0,0,1.0514630000000001e-03,0,0,0,0,2.1496583000000000e-02,1.1682900000000000e-04,0,0,0,0,0,0,0,8.1780500000000001e-04,0,0,0,0,0,0,0,0,7.5938999999999998e-04,0,0,2.9499389999999999e-03,0,0,0,0,0,0,0,0,0,0,0,0,1.1682900000000000e-04,1.9276829999999999e-03,0,0,0,0,0,0,0,0,2.0445120000000001e-03,0,0,0,0,0,0,0,0,0,0,0,0,0,0,0,0,0,0,0,0,0,0,0,0,0,0,0,0,0,0,0,0,0,0,0,0,0,0,0,0,0,0,0,8.1780500000000001e-04,0,9.3463399999999999e-03,0,0,0,0,0,0,0,0,0,0,1.2851220000000001e-03,0,0,0,0,0,2.8331089999999999e-03,0,1.0806710000000001e-03,0,0,0,0,0,0,0,0,0,0,0,0,0,0,0,0,0,0,0,0,0,0,0,0,0,0,0,1.8692680000000001e-03,0,0,0,4.7899989999999996e-03,1.3143289999999999e-03,0,0,1.0456218000000000e-02,0,9.3755479999999992e-03,0,0,0,0,0,0,0,2.5702440000000002e-03,0,0,2.1175302000000000e-02,6.3058589999999998e-02,0,0,1.3172497999999999e-02,0,2.6286600000000000e-04,0,6.6300600000000001e-03,2.9411764999999999e-02,0,2.5410360000000000e-03,7.0097599999999996e-04,6.9513409999999998e-03,0,0,3.5048799999999998e-04,0,0,0,0,0,0,0,0,0,1.0397804000000000e-02,0,0,0,0,0,6.7468894000000001e-02,5.6837432000000000e-02,2.7045972000000001e-02,0,0,0,0,0,0,1.6940239999999999e-03,0,0,1.6940239999999999e-03,0,0,0,1.0514630000000001e-03,0,0,0,0,0,0,0,8.4701199999999996e-04,0,0,0,0,0,0,0,2.3365899999999999e-04,0,0,0,0,1.8137741999999998e-02,8.2072550000000001e-03,1.4223962000000000e-02,0,0,0,3.6509139999999999e-03,0,0,1.6940239999999999e-03,0,0,0,0,3.7326946999999999e-02,0,0,0,0,0,0,0,0,0,0,1.8605059000000000e-02,0,6
0,0,0,0,0,0,0,0,0,0,0,0,0,0,0,0,0,0,0,0,0,0,0,0,0,0,0,0,0,0,0,0,0,0,0,0,0,0,0,0,1.2085664000000000e-01,3.3561217999999997e-02,0,0,0,0,0,0,0,0,0,0,0,0,0,0,0,0,0,0,0,0,0,0,2.0716800000000001e-04,0,0,0,0,0,0,0,0,0,0,0,0,0,0,0,0,0,0,0,0,0,0,0,0,0,0,0,2.0716800000000001e-04,0,0,0,0,0,0,0,0,0,0,0,0,0,0,0,0,0,0,0,0,0,0,0,0,0,0,6.8857468000000005e-02,0,0,0,0,0,0,0,0,5.9301839999999998e-03,0,0,0,0,0,0,0,0,0,0,0,0,0,0,0,0,1.7194945000000000e-02,0,0,0,0,0,0,0,8.0018650000000004e-03,0,0,0,0,0,0,0,0,0,0,0,0,0,0,0,1.6055520000000001e-03,0,0,0,0,0,0,0,0,0,0,1.6314480000000000e-03,0,0,0,0,0,0,0,0,0,0,0,0,0,0,0,0,0,0,0,0,1.6257509800000000e-01,0,1.6314480000000000e-03,1.2689040000000000e-03,0,0,0,0,0,0,0,0,0,1.8800496999999999e-02,0,0,0,0,0,0,0,0,0,0,3.1075200000000002e-04,0,0,0,0,0,0,0,0,0,0,0,0,0,0,0,0,0,0,0,0,0,0,0,0,0,0,0,0,0,0,0,0,0,0,0,0,0,0,0,0,0,0,0,0,0,0,0,0,0,0,0,0,0,0,0,0,2.4155790299999999e-01,1.1679096999999999e-02,0,0,0,0,0,0,0,0,0,0,0,0,0,0,0,0,0,0,0,0,3.8792210000000001e-02,0,0,0,0,0,0,0,7.2508800000000003e-04,0,0,0,0,0,0,0,0,0,0,0,0,0,0,0,0,0,0,0,0,0,0,0,0,5.7489120000000001e-03,0,0,0,0,1.1653200000000001e-03,0,0,0,0,0,8.5456799999999999e-04,0,0,0,0,0,0,0,0,0,0,0,0,0,0,4.4023199999999998e-04,1.2947999999999999e-04,0,0,0,0,0,0,0,0,0,0,0,0,0,0,0,0,0,0,0,0,0,0,0,0,0,2.5895999999999997e-04,0,0,0,0,0,0,0,0,0,0,0,0,2.0716800000000001e-04,0,0,0,0,0,0,0,0,0,0,0,0,0,0,0,0,0,0,2.5895999999999997e-04,0,0,0,0,0,0,0,0,0,0,0,0,0,0,0,0,1.8127200000000001e-04,0,0,0,0,0,0,0,0,4.9202399999999998e-04,0,0,0,0,0,0,0,0,0,0,0,0,0,0,0,0,0,0,0,0,0,0,0,0,0,0,0,0,0,0,0,0,0,0,0,0,0,0,3.2836129999999998e-02,0,0,0,0,0,0,0,0,0,0,0,0,0,0,0,0,0,0,0,0,5.5158480000000003e-03,0,0,0,0,0,0,0,0,0,0,0,0,0,2.2011600000000002e-03,0,0,0,0,0,0,0,1.8127200000000001e-04,0,0,0,0,0,0,0,0,0,0,0,0,0,0,0,0,0,0,0,5.1799999999999999e-05,5.1799999999999999e-05,0,0,0,0,0,0,0,0,0,0,0,0,0,0,0,0,0,0,0,0,0,0,0,0,0,2.9003520000000001e-03,0,0,0,0,0,0,0,0,0,0,4.3246320000000001e-03,0,0,5.1791999999999995e-04,0,0,5.4381600000000003e-04,0,0,0,0,0,0,0,0,0,0,0,0,0,0,0,0,0,0,0,0,0,0,0,0,0,0,0,0,0,0,0,0,0,0,0,0,0,8.0277609999999996e-03,0,3.2369999999999999e-03,0,0,0,0,0,0,0,2.7708720000000002e-03,5.9560799999999997e-04,0,0,5.1066914999999997e-02,1.4890201000000000e-02,0,1.0746841000000000e-02,0,0,0,0,1.6159105000000000e-02,0,6.2668320000000000e-03,7.3544639999999998e-03,9.0118090000000008e-03,0,0,0,0,0,0,0,0,0,0,4.6612800000000001e-04,6.3445200000000002e-03,1.2637249000000000e-02,0,0,0,0,0,2.3409985000000001e-02,8.8305369999999994e-03,4.5576960000000000e-03,0,0,0,0,0,0,0,0,0,0,0,2.7449760000000001e-03,2.3047440000000001e-03,0,6.7329599999999996e-03,0,0,0,0,0,0,0,0,3.6513359999999998e-03,0,0,0,0,5.1791999999999995e-04,0,0,0,0,0,0,8.0277600000000005e-04,2.6154960000000001e-03,0,0,0,0,0,0,0,0,0,0,0,0,0,0,0,0,0,0,0,0,0,0,0,0,6
0,0,0,0,0,0,0,0,0,0,0,0,0,0,0,2.3969619999999999e-03,0,3.1129399999999999e-04,0,0,0,0,0,0,0,0,0,0,0,0,0,0,0,0,0,0,0,0,0,0,1.8101730999999999e-02,7.4399200000000000e-03,0,0,0,0,0,0,0,0,0,0,0,0,0,0,0,0,1.7121200000000001e-04,0,0,0,0,0,0,0,0,0,0,0,0,0,0,0,0,0,0,0,0,0,0,0,0,0,0,0,0,0,0,0,0,0,0,0,0,0,0,0,0,0,0,0,0,0,0,0,0,9.3388100000000001e-04,0,0,0,0,0,0,0,0,0,0,0,3.6732660000000001e-03,0,0,0,0,0,0,0,0,3.2000995999999997e-02,0,0,0,0,0,8.2648489999999995e-03,0,0,0,0,0,0,0,0,0,0,1.3541278000000000e-02,0,0,0,0,0,0,0,1.0895300000000000e-04,0,0,0,0,0,0,0,0,0,0,0,4.9962640000000003e-03,0,0,0,1.3229979999999999e-03,0,0,1.8833270000000000e-03,0,0,0,0,1.7899389999999999e-03,0,0,1.0599552000000000e-02,0,0,0,0,0,0,0,0,0,0,0,0,0,0,0,0,0,0,0,0,0,0,0,4.0468200000000001e-04,0,0,0,9.9613999999999996e-04,8.2492799999999995e-04,4.9806999999999998e-04,2.5837379999999999e-03,0,0,1.0428340000000001e-03,0,0,0,0,0,0,0,0,0,9.3399999999999993e-05,4.8733034000000001e-02,0,0,0,0,0,0,0,0,0,0,0,0,0,0,0,0,0,0,0,0,0,0,0,0,0,0,0,0,0,4.6699999999999997e-05,0,0,1.4786450000000000e-03,0,0,2.0234089999999999e-03,0,0,0,0,0,0,0,0,0,0,0,0,0,0,0,0,0,0,0,0,5.6499810000000001e-03,0,0,0,0,0,0,0,0,0,0,0,0,0,0,0,0,0,0,0,3.7355199999999998e-04,0,1.5004358000000001e-02,0,0,1.2451750000000001e-03,2.8794670000000001e-03,0,0,0,4.2335949999999997e-03,0,0,0,1.7121200000000001e-04,0,0,0,1.8833270000000000e-03,0,0,0,3.8911700000000002e-04,0,0,0,2.5681730000000000e-03,0,3.6110069999999998e-03,1.4008200000000000e-04,2.4903499999999999e-04,0,2.2101859999999998e-03,0,0,1.7961649000000000e-02,9.3076830000000006e-03,0,0,6.6928199999999999e-04,0,1.0117049999999999e-03,0,0,0,0,1.8677620000000000e-03,0,0,0,0,0,0,5.4632051000000001e-02,0,0,0,0,0,0,0,1.7665920000000002e-02,0,0,0,0,0,0,0,0,0,0,0,0,0,0,0,0,0,0,0,0,0,0,0,0,0,0,0,0,0,0,0,0,0,0,0,0,0,3.7355199999999998e-04,0,2.4903499999999999e-04,0,1.0895300000000000e-04,0,1.5564700000000000e-04,0,0,4.5137600000000002e-04,0,0,0,0,0,1.9144559999999999e-03,0,0,3.4086659999999999e-03,3.2374550000000002e-03,2.9417260000000000e-03,3.7822189999999999e-03,0,0,2.6459999999999998e-04,0,0,7.1130619999999999e-03,0,1.4677500000000000e-02,0,0,0,0,0,0,1.3634666000000000e-02,0,0,1.4163870000000001e-03,0,0,0,9.3399999999999993e-05,0,0,0,1.1829160000000000e-03,0,0,0,0,6.6928199999999999e-04,0,0,0,8.8718700000000000e-04,0,0,6.2258699999999997e-04,0,0,0,0,0,0,0,0,3.4242300000000001e-04,0,0,0,0,0,3.4242300000000001e-04,0,0,0,2.4903499999999999e-04,0,0,3.7510899999999999e-03,0,1.1377786000000001e-02,0,0,2.0078449999999999e-03,0,0,0,0,0,3.1129370000000001e-03,0,0,0,0,1.9144559999999999e-03,0,0,0,0,0,0,6.2258699999999997e-04,0,0,1.1362220000000001e-03,0,0,0,0,0,0,0,0,1.2451699999999999e-04,0,0,0,0,6.9262860000000002e-03,1.1050929999999999e-03,0,0,1.2763040000000000e-03,0,2.3347000000000000e-04,0,7.3154000000000003e-04,2.0078449999999999e-03,0,0,0,0,0,0,0,0,0,0,0,0,0,0,0,0,0,0,0,0,0,0,0,0,0,0,0,0,0,0,0,0,0,0,0,0,0,0,0,0,0,0,0,0,0,3.9378659999999999e-03,0,0,0,0,0,0,4.2024700000000000e-04,0,0,4.8561819999999997e-03,1.7774872000000001e-02,0,0,0,0,0,8.9652599999999992e-03,0,2.4903500000000001e-03,3.2685800000000002e-04,0,0,0,0,0,0,0,0,0,0,0,0,2.0234100000000001e-04,0,2.0234100000000001e-04,0,0,0,0,0,0,0,0,0,9.9147060000000006e-03,0,2.6459999999999998e-04,7.7356489999999998e-03,0,0,2.3206948000000002e-02,7.1441910000000003e-03,0,5.9145800000000000e-04,7.7045200000000003e-03,0,3.4864900000000001e-03,0,0,0,0,0,0,0,1.8148424999999999e-02,6.3970859999999997e-03,0,0,2.8343295000000001e-02,3.0195489999999998e-03,4.3581119999999999e-03,6.5060389999999999e-03,0,0,0,3.8911720000000000e-03,1.0833021999999999e-02,0,1.4008219999999999e-03,6.0702300000000005e-04,0,0,0,2.9572900000000000e-04,0,0,0,0,0,0,0,2.4903499999999999e-04,2.4747850000000002e-03,8.1185407000000001e-02,0,0,0,0,0,1.7634790000000001e-02,1.5813721999999999e-02,8.8563070000000008e-03,0,0,0,0,0,0,4.6699999999999997e-05,0,0,7.2375790000000001e-03,2.4436560000000002e-03,0,0,0,0,0,2.6615609999999998e-03,0,0,2.6304319999999998e-03,0,0,0,0,2.2413149999999998e-03,0,2.3813969999999999e-03,0,2.1634910000000000e-03,1.4475160000000000e-03,0,0,0,0,3.6888310000000001e-03,4.9573527999999999e-02,1.4216785000000001e-01,0,1.5564700000000000e-04,0,1.3525713000000000e-02,0,0,0,4.0468200000000001e-04,0,0,0,3.8833894000000001e-02,1.1253269000000000e-02,0,0,0,3.4709250000000001e-03,0,0,0,0,0,0,0,6
0,0,0,0,0,0,0,0,0,0,0,0,0,0,0,0,0,0,1.0680910000000000e-03,0,0,0,0,0,0,0,0,0,0,0,0,0,0,0,0,0,0,0,0,0,3.8104139000000002e-02,1.4873163999999999e-02,0,0,0,0,0,0,0,0,0,0,0,0,0,0,0,0,0,0,0,0,0,0,0,0,0,0,0,0,0,0,0,0,0,0,0,0,0,0,0,0,5.3399999999999997e-05,0,0,0,0,0,0,0,0,0,0,0,0,0,0,0,0,0,0,0,0,0,0,0,2.4032000000000000e-04,0,0,0,0,0,0,0,0,0,0,0,0,6.5954610000000004e-03,0,0,0,0,0,0,0,0,0,0,0,0,0,0,0,0,0,0,0,0,0,0,0,0,0,5.2603470000000003e-03,0,0,0,0,0,0,0,1.4953271000000001e-02,0,0,0,0,0,0,0,0,0,0,0,5.0467289999999998e-03,0,0,0,1.2016020000000000e-03,0,0,5.6074800000000002e-04,0,0,0,0,0,0,0,4.2723600000000000e-04,0,0,0,0,0,0,0,0,0,0,0,0,0,0,0,0,0,0,0,0,8.0106800000000005e-04,0,0,0,0,0,0,0,0,0,0,0,0,2.5901200000000000e-03,0,0,0,0,0,0,0,0,0,0,6.6755700000000005e-04,0,0,0,0,0,0,0,0,0,0,0,0,0,0,0,0,0,0,0,0,0,0,0,0,0,0,0,0,0,0,0,0,0,0,0,0,0,0,0,0,0,0,0,0,0,0,0,0,0,0,0,0,0,0,0,0,7.7703599999999996e-03,0,0,0,0,0,0,0,0,0,0,0,0,0,0,0,0,0,0,0,0,0,1.2283044000000000e-02,3.8985309999999998e-03,0,0,0,0,1.4910547399999999e-01,0,8.3845129999999997e-03,0,0,0,0,0,0,0,0,1.1481976000000000e-02,0,0,1.5754339999999999e-03,0,0,0,0,0,8.2777000000000002e-04,0,0,0,3.7650200000000000e-03,0,0,2.3765020000000000e-03,0,0,0,0,0,0,0,0,0,0,0,0,2.6702300000000002e-04,0,0,0,0,0,0,0,0,0,0,0,0,2.3284379000000001e-02,0,0,0,0,0,0,0,0,0,0,0,0,0,0,0,0,0,0,0,0,0,0,0,0,0,0,0,0,0,0,0,0,0,0,0,0,0,1.8691600000000000e-04,0,0,0,0,0,1.6021399999999999e-04,0,0,0,0,0,0,0,0,4.6194929999999997e-03,0,0,0,0,0,0,0,0,5.8744999999999999e-04,0,0,8.7850470000000007e-03,0,8.6915887999999997e-02,1.8691600000000000e-04,0,0,0,0,0,0,0,0,6.3337783999999994e-02,0,0,0,0,0,0,0,1.1481980000000000e-03,0,0,0,0,0,0,0,0,0,0,0,5.3404500000000003e-04,0,0,0,0,0,0,0,0,0,0,2.1094793000000001e-02,0,0,0,0,0,0,0,0,0,0,0,0,0,0,0,2.7153538100000002e-01,0,0,0,0,0,0,0,0,0,0,0,0,0,0,0,0,0,9.0787699999999997e-04,0,0,0,0,0,0,0,0,0,0,0,0,0,0,0,0,4.0053400000000002e-04,0,0,0,0,0,0,0,0,0,0,0,0,0,0,0,0,0,0,0,0,0,0,0,0,0,0,0,0,0,0,0,0,0,0,0,0,0,0,0,0,0,0,0,0,0,0,0,0,0,0,0,0,0,0,1.0894526000000000e-02,0,0,0,0,0,0,0,0,0,0,0,0,0,0,0,0,7.7436599999999996e-04,0,0,0,0,0,0,0,0,0,0,0,0,0,0,0,0,0,0,0,0,0,0,0,0,0,0,0,0,0,0,0,0,0,2.8304409999999999e-03,0,0,0,1.6288380000000001e-03,0,0,0,0,0,0,0,0,0,0,0,0,0,6.3951936000000001e-02,1.0520694000000001e-02,8.5447260000000008e-03,1.1562083000000001e-02,0,0,0,0,0,0,5.4472629999999999e-03,0,0,0,0,0,0,0,0,0,0,0,0,0,2.7236320000000001e-03,2.9639520000000002e-03,0,0,0,0,0,0,0,0,0,0,0,0,0,0,1.6555410000000000e-03,0,0,0,0,0,0,0,0,0,0,0,0,0,0,0,0,0,0,0,0,0,0,0,0,0,0,0,1.7303071000000000e-02,1.0413890000000000e-03,1.9225630000000000e-03,0,0,0,0,0,8.0106800000000005e-04,6.1415199999999997e-04,0,0,0,0,5.5674231999999997e-02,7.3698260000000003e-03,0,0,0,0,0,0,0,0,0,1.3911883000000000e-02,0,6
0,0,0,0,0,0,6.9938499999999996e-04,0,0,0,0,0,0,0,0,4.0998400000000001e-04,0,4.5821799999999998e-04,0,0,0,0,0,0,0,0,0,0,0,0,0,0,0,0,0,0,0,0,0,0,3.1062342000000000e-02,1.1817195000000001e-02,0,0,0,0,0,0,0,0,0,0,0,0,0,0,0,0,0,0,0,0,0,0,0,0,0,0,0,0,0,0,0,0,0,0,0,0,0,0,0,0,0,0,0,0,0,0,0,0,0,0,0,0,0,0,0,0,0,0,1.9293399999999999e-04,0,0,0,0,0,7.2399999999999998e-05,0,0,2.8940070000000001e-03,0,0,0,0,0,0,0,0,0,3.1858193999999999e-02,0,0,0,0,0,0,0,0,3.1472326000000002e-02,0,0,0,0,0,2.8940100000000000e-04,0,0,0,0,0,0,0,0,0,0,1.6254673000000001e-02,0,0,0,0,0,0,0,3.8345590000000000e-03,0,0,0,0,0,0,0,0,0,0,0,5.0645099999999999e-04,0,0,0,2.6046060000000002e-03,0,1.6640540000000001e-03,9.8878599999999996e-04,0,0,0,0,0,0,0,2.9422400000000000e-03,0,0,0,2.8940100000000000e-04,0,0,0,0,0,1.0129020000000000e-03,0,0,0,0,0,0,0,0,0,0,0,0,0,0,0,0,0,0,0,0,0,0,0,2.4406126000000000e-02,3.2557580000000001e-03,0,0,0,0,0,0,0,0,0,2.0499220000000000e-03,0,0,0,0,0,0,0,0,0,0,0,0,0,0,0,0,0,0,0,0,3.1351699999999997e-04,0,0,0,0,0,0,0,0,0,0,0,4.5821799999999998e-04,0,0,1.6158209999999999e-03,0,0,0,0,0,0,0,0,0,0,0,0,0,0,0,0,0,0,0,0,4.4398891000000003e-02,0,0,0,0,0,0,0,0,0,0,0,0,0,0,0,0,0,0,0,0,0,3.9069093999999999e-02,0,0,0,9.4055199999999999e-04,0,0,0,7.5485350000000003e-03,0,0,0,0,0,0,0,0,2.7975399999999998e-03,0,0,4.7992280000000000e-03,0,0,0,2.7975399999999998e-03,0,4.2686599999999996e-03,0,0,0,6.7526800000000003e-04,0,0,3.8273241999999999e-02,0,0,0,0,0,0,0,0,0,0,1.6399369999999999e-03,0,0,0,0,0,0,1.2058400000000000e-04,0,0,0,0,0,0,0,3.6368021000000000e-02,0,0,0,0,0,0,0,0,0,0,0,0,0,0,0,0,0,0,0,0,0,0,0,0,0,0,0,0,0,0,0,0,3.3763400000000001e-04,0,0,0,0,3.1351699999999997e-04,0,0,0,0,0,0,0,0,2.8940100000000000e-04,0,0,0,0,0,2.1705100000000001e-04,0,0,2.6769559999999999e-03,0,1.6881710000000000e-03,1.4711200000000000e-03,0,0,0,0,0,2.4671410000000001e-02,0,3.8827929999999998e-03,0,0,0,0,0,0,3.7622089999999999e-03,0,0,0,0,0,0,9.3814060000000001e-03,5.5468469999999997e-03,0,0,1.5193540000000001e-03,0,0,0,0,1.2299530000000000e-03,0,0,0,0,0,0,8.4408499999999995e-04,0,0,0,7.2399999999999998e-05,0,0,0,0,0,0,1.9293399999999999e-04,0,0,0,0,0,0,0,9.1161220000000008e-03,0,0,0,0,0,0,0,0,0,0,0,0,0,0,0,0,0,0,0,0,0,0,0,0,0,2.2669719999999999e-03,0,0,3.8827929999999998e-03,0,0,0,0,0,0,0,0,0,0,0,0,0,1.3023030000000001e-03,9.6466900000000003e-04,0,0,1.6881710000000000e-03,0,2.6528400000000002e-04,0,0,0,0,0,0,0,0,0,0,0,0,0,0,0,0,0,0,0,0,0,0,0,0,0,0,0,0,0,0,0,0,0,0,0,0,0,0,0,0,0,0,0,0,0,0,0,0,5.0403959999999999e-03,0,0,0,0,0,0,3.8586760000000001e-03,0,0,0,1.8352828000000002e-02,0,0,0,0,0,7.4761800000000002e-04,0,0,0,0,3.3763400000000001e-04,0,0,0,0,0,0,0,0,0,0,0,0,0,0,0,0,0,0,0,0,0,0,6.0291800000000003e-04,0,0,0,0,0,0,0,0,0,2.3417339999999998e-02,0,5.5950799999999997e-03,0,0,0,0,0,0,0,0,0,0,0,1.5772338000000000e-02,1.4470030000000001e-03,2.5081389999999999e-03,1.0804293000000000e-02,0,0,0,0,2.4357889999999998e-03,0,5.7880099999999999e-04,8.1996900000000004e-04,0,0,0,4.5821799999999998e-04,0,0,0,0,0,0,0,4.0998400000000001e-04,0,4.8812251000000001e-02,0,0,0,0,0,8.5542022999999995e-02,0,0,0,0,0,0,0,0,1.7098757999999999e-02,0,0,1.9293380000000001e-03,0,0,0,0,0,0,5.7397810000000002e-03,0,0,0,0,0,0,6.3668154000000005e-02,0,0,0,0,6.5115200000000000e-04,0,0,2.0016880000000002e-03,0,0,0,5.9423610000000002e-02,1.7014349500000001e-01,0,0,4.3410100000000000e-04,3.7380920000000002e-03,1.1334860000000000e-03,0,0,0,0,0,0,3.4728080000000000e-03,0,0,0,1.3746530000000000e-03,6.9456170000000003e-03,0,0,0,0,0,0,0,6
0,0,0,0,0,0,0,0,0,0,0,0,0,0,0,4.4725000000000000e-04,0,0,0,0,0,0,0,0,0,0,5.1600000000000001e-05,0,0,0,0,0,0,0,0,0,0,0,0,0,1.6445048000000000e-02,7.0011869999999999e-03,0,0,0,0,0,0,0,0,0,0,0,0,0,0,0,0,0,0,0,0,0,0,0,0,0,0,0,0,0,0,0,0,0,0,0,0,0,0,0,0,0,0,0,0,0,0,0,0,0,0,0,0,0,0,0,0,0,0,0,0,0,0,0,0,1.0665200000000001e-03,0,0,3.1823580000000001e-03,0,0,0,0,0,0,0,0,0,9.5814769999999997e-03,0,0,0,0,0,0,0,0,1.2041352999999999e-02,0,0,0,0,0,0,0,0,0,0,0,0,0,0,0,0,3.7207782000000002e-02,0,0,0,0,0,0,0,2.7523100000000002e-04,0,0,0,0,0,0,0,0,0,0,0,0,0,0,0,2.5286839999999998e-03,0,0,1.0493180000000000e-03,0,0,0,0,0,0,0,2.5544871000000000e-02,0,0,0,0,0,0,0,0,0,0,0,0,0,0,0,0,0,0,0,0,0,0,0,0,0,0,0,0,0,4.3004799999999999e-04,2.4082710000000000e-03,0,0,3.4438270999999999e-02,3.6124059999999999e-03,0,0,0,0,0,0,0,0,0,3.5263959999999998e-03,9.4266599999999999e-03,5.0057629999999999e-03,0,0,0,0,0,0,0,0,0,0,0,0,0,0,0,0,0,0,2.5802900000000001e-04,0,0,0,0,0,0,0,3.4400000000000003e-05,0,0,0,0,0,0,8.9450100000000002e-04,0,0,0,0,0,0,0,0,0,0,0,0,0,0,0,0,0,0,0,0,1.1164055000000001e-02,0,0,0,0,0,0,0,0,0,0,0,0,0,0,0,0,0,0,0,0,0,3.6003647000000000e-02,0,0,0,0,0,0,0,2.5372852000000001e-02,0,0,0,0,0,0,0,0,5.2465899999999998e-03,0,0,9.8395059999999996e-03,0,0,0,3.0791460000000001e-03,0,5.6422340000000003e-03,0,0,0,0,0,0,1.3933566000000000e-02,0,0,0,0,0,0,0,0,0,0,3.5780019999999998e-03,0,0,0,0,0,0,0,0,0,0,0,0,0,0,2.7127449000000001e-02,0,0,0,0,0,0,0,0,0,0,0,0,0,0,0,0,0,0,0,0,0,0,0,0,0,0,0,0,0,0,0,0,0,0,0,0,0,3.0963500000000000e-04,0,0,0,0,0,0,0,0,2.0642300000000001e-04,0,0,0,0,0,0,0,0,2.3222609999999999e-03,0,0,9.1170200000000002e-04,0,0,6.1927000000000000e-04,0,0,2.0470300000000000e-03,0,3.5986444999999999e-02,0,0,0,0,0,0,3.4403899999999998e-04,0,0,0,0,0,0,0,0,0,0,1.1181260000000001e-03,0,0,0,0,8.9450100000000002e-04,0,0,0,0,0,0,1.3245490000000000e-03,0,0,0,0,0,0,0,0,0,0,0,0,0,0,0,0,0,0,0,0,0,0,0,0,0,0,2.0298280000000000e-03,0,0,0,0,0,0,0,0,0,0,0,0,0,0,0,0,0,2.9931360000000000e-03,0,0,3.3027709999999999e-03,0,0,0,0,0,0,0,3.0963500000000000e-04,0,4.1284600000000002e-04,0,0,0,2.4426750000000001e-03,0,0,0,0,0,0,0,0,1.4793660000000000e-03,0,0,0,0,0,0,0,0,0,0,0,0,0,0,0,0,0,0,0,0,0,0,0,0,0,0,0,0,0,0,0,0,0,0,0,0,0,0,0,0,0,0,0,0,0,8.6869760000000008e-03,0,0,0,0,0,0,0,0,0,0,6.5367350000000001e-03,0,0,0,0,0,0,0,0,0,0,0,0,0,0,0,0,0,0,0,0,0,0,0,0,0,0,0,0,0,0,0,0,0,0,0,0,0,0,0,4.8165399999999998e-04,0,0,0,1.8268453000000000e-02,0,9.7362939999999995e-03,0,0,0,0,0,0,0,0,0,0,0,1.6176698300000000e-01,8.9622069999999998e-03,3.5917637000000002e-02,2.4306332000000000e-02,0,1.4105590000000000e-03,0,0,2.5355650000000000e-02,0,3.0447420000000000e-03,2.3394630000000000e-03,2.6662999999999999e-03,0,0,1.3761500000000000e-04,0,0,0,0,0,0,0,0,0,7.1388019999999996e-03,0,0,0,0,0,5.3687234000000000e-02,4.6324807000000003e-02,2.4547158999999999e-02,0,0,0,0,0,0,1.5395730000000000e-02,0,0,0,0,0,0,0,0,0,9.4610600000000005e-04,0,0,0,0,0,0,5.9742314999999997e-02,0,0,0,0,8.6009699999999999e-04,0,0,0,0,0,0,5.3326000000000003e-04,1.3073469999999999e-03,0,0,0,4.8165399999999998e-04,0,0,0,0,0,0,0,1.0174943700000000e-01,0,0,0,0,1.1697310000000000e-03,0,0,0,0,0,0,0,6
0,0,0,0,0,0,0,0,0,0,0,0,0,0,0,0,0,1.8266199999999999e-04,0,0,0,0,0,0,0,0,0,0,0,0,0,0,0,0,0,0,0,0,0,0,3.1673547000000003e-02,1.3334308000000000e-02,0,0,0,0,0,0,0,0,0,0,0,0,0,0,0,0,0,0,0,0,0,0,0,0,0,0,0,0,0,0,0,0,0,0,0,0,0,0,0,0,0,0,0,0,0,0,0,0,0,0,0,0,0,0,0,0,0,0,0,0,0,0,0,0,0,1.3516970000000000e-03,0,0,0,0,0,0,0,0,0,0,0,5.7355790000000002e-03,0,0,0,0,0,0,0,1.0959700000000000e-04,3.4705732000000003e-02,0,0,0,0,0,1.5891572000000000e-02,0,0,0,0,0,0,0,0,0,0,9.2792169999999993e-03,0,0,0,0,0,0,0,0,0,0,0,0,0,0,0,0,0,0,0,3.6167030000000002e-03,0,0,0,0,0,0,1.8266170000000000e-03,0,0,0,0,1.2421000000000001e-03,0,0,5.4433199999999998e-03,0,0,0,0,0,0,0,0,0,0,0,0,0,0,0,0,0,0,0,0,0,0,0,0,0,0,0,0,1.1690349999999999e-03,0,0,0,0,8.7677600000000001e-04,0,0,0,0,0,0,0,0,0,0,8.7239250000000004e-02,0,0,0,0,0,0,0,0,0,0,0,0,0,0,0,0,0,0,0,0,0,0,0,0,0,0,0,0,0,0,0,0,5.1145300000000004e-04,0,0,9.1330899999999995e-04,0,0,0,0,0,0,0,0,0,0,0,0,0,0,0,0,0,0,0,0,4.5300109999999996e-03,0,0,0,0,0,0,0,0,0,0,0,0,0,0,0,0,0,0,0,0,0,1.1032770000000001e-02,0,0,4.2377530000000004e-03,5.9547730000000000e-03,0,0,0,6.4296930000000002e-03,0,0,0,0,0,0,0,1.9362150000000000e-03,0,0,0,0,0,0,0,2.7399260000000002e-03,0,1.9362150000000000e-03,0,0,0,4.2377530000000004e-03,0,0,2.2029007000000000e-02,9.4618780000000000e-03,0,0,6.5758199999999998e-04,0,0,0,0,0,0,1.7900850000000001e-03,0,0,0,0,0,0,7.4087605000000001e-02,0,0,0,0,0,0,0,2.9810396999999999e-02,0,0,0,0,0,0,0,0,0,0,0,0,0,0,0,0,0,0,0,0,0,0,0,0,0,0,0,0,0,0,0,0,0,0,0,0,0,0,0,0,0,0,0,0,0,0,3.6532300000000003e-04,0,0,0,0,0,4.1281549999999997e-03,0,0,2.8129909999999999e-03,0,0,1.3882289999999999e-03,0,0,0,0,0,5.7355790000000002e-03,0,3.2586855999999997e-02,0,0,0,0,1.8266199999999999e-04,0,1.9983194999999999e-02,0,0,0,0,0,0,0,0,0,0,1.0229060000000001e-03,0,0,0,0,2.9225900000000001e-04,0,0,0,1.0229060000000001e-03,0,0,7.6717899999999999e-04,0,0,0,0,0,0,0,0,1.3151650000000001e-03,0,4.0185600000000002e-04,0,0,0,0,0,0,0,3.1417820000000001e-03,0,0,3.1783139999999998e-03,0,1.2347934000000000e-02,0,0,2.2284729999999999e-03,0,0,0,0,0,7.0507429999999999e-03,0,0,0,0,1.5708910000000000e-03,0,0,0,0,0,0,7.3064699999999996e-04,0,0,1.7170200000000001e-03,0,0,0,0,0,0,0,0,0,0,0,0,0,3.9089609999999999e-03,0,0,0,0,0,0,0,0,2.4476670000000002e-03,0,0,0,0,0,0,0,0,0,0,0,0,0,0,0,0,0,0,0,0,0,7.3100000000000001e-05,0,0,0,1.0959700000000000e-04,0,0,0,7.3100000000000001e-05,0,0,0,0,0,0,0,0,0,0,7.3100000000000001e-05,0,0,0,0,3.0687169999999999e-03,0,0,0,0,0,0,0,0,0,0,3.2513790000000000e-03,0,0,0,0,0,3.7993640000000000e-03,0,0,0,0,0,0,0,0,0,0,0,0,0,0,0,0,0,0,0,0,0,0,0,0,0,0,0,3.3975080000000000e-03,0,0,0,0,0,4.1646879999999997e-03,0,0,0,6.1009020000000001e-03,0,4.0550910000000003e-03,0,0,0,0,0,0,0,2.2029007000000000e-02,8.0371169999999999e-03,0,0,6.1557009000000003e-02,5.3702550000000000e-03,9.2061520000000004e-03,1.5233989999999999e-02,0,0,0,4.0550910000000003e-03,1.5233989999999999e-02,0,2.6668619999999999e-03,1.1690349999999999e-03,0,0,0,0,0,0,0,0,0,0,0,0,0,1.5855040000000001e-02,0,0,0,0,0,3.8724290000000001e-02,3.5436378999999997e-02,1.7060606999999998e-02,0,0,0,0,0,0,0,0,0,4.4569470000000002e-03,0,0,0,0,0,0,0,0,0,0,0,0,0,0,2.8129909999999999e-03,0,1.7535529999999999e-03,0,6.9411500000000003e-04,0,0,0,0,0,3.0321850000000002e-03,4.2121799000000001e-02,1.3853066900000000e-01,0,0,0,3.6897670000000000e-03,0,0,0,1.0594380000000000e-03,0,0,0,1.0996237000000001e-02,0,0,0,0,4.7492050000000003e-03,0,0,0,0,0,0,0,6
